send_id,article_id,reader_id,sent_at,newsletter_name,send_status,opened_at,clicked_at
6001,1001,2001,2026-06-01 07:45:00,Morning Briefing,sent,2026-06-01 08:10:00,2026-06-01 08:22:00
6002,1001,2002,2026-06-01 07:45:00,Morning Briefing,sent,2026-06-01 08:55:00,
6003,1003,2001,2026-06-03 07:00:00,Business Daily,sent,2026-06-03 07:30:00,2026-06-03 07:55:00
6004,1003,2005,2026-06-03 07:00:00,Business Daily,bounced,,
6005,1005,2006,2026-06-05 06:30:00,Media Weekly,sent,2026-06-05 07:05:00,2026-06-05 07:20:00
6006,1005,2008,2026-06-05 06:30:00,Media Weekly,sent,2026-06-05 07:15:00,
6007,1006,2007,2026-06-06 10:30:00,Weekend Culture,sent,,
6008,1002,2003,2026-06-02 08:15:00,Culture Edit,sent,2026-06-02 09:30:00,2026-06-02 09:35:00
60000001,100656,200785,2026-06-02 07:13:00,Daily Edition,sent,2026-06-02 07:52:00,
60000002,100510,200088,2026-06-03 08:26:00,Weekend Reads,sent,2026-06-03 09:52:00,2026-06-03 10:35:00
60000003,100419,200555,2026-06-04 09:39:00,Culture Notes,sent,2026-06-04 12:19:00,2026-06-04 12:48:00
60000004,100694,200804,2026-06-05 10:52:00,Business Dispatch,bounced,,
60000005,100651,200779,2026-06-06 06:05:00,Morning Briefing,sent,,
60000006,100838,200989,2026-06-07 07:18:00,Daily Edition,sent,2026-06-07 08:22:00,
60000007,100314,200839,2026-06-08 08:31:00,Weekend Reads,sent,,
60000008,100144,200237,2026-06-09 09:44:00,Culture Notes,sent,2026-06-09 10:51:00,
60000009,100477,200620,2026-06-10 10:57:00,Business Dispatch,bounced,,
60000010,100762,200161,2026-06-11 06:10:00,Morning Briefing,sent,2026-06-11 06:53:00,
60000011,100858,200748,2026-06-12 07:23:00,Daily Edition,sent,,
60000012,100264,200433,2026-06-13 08:36:00,Weekend Reads,sent,2026-06-13 10:34:00,2026-06-13 10:56:00
60000013,100133,200586,2026-06-14 09:49:00,Culture Notes,sent,2026-06-14 10:04:00,
60000014,100812,2007,2026-06-15 10:02:00,Business Dispatch,bounced,,
60000015,100910,200527,2026-06-16 06:15:00,Morning Briefing,sent,2026-06-16 06:26:00,
60000016,100093,200132,2026-06-17 07:28:00,Daily Edition,sent,2026-06-17 08:25:00,
60000017,100918,200441,2026-06-18 08:41:00,Weekend Reads,sent,2026-06-18 09:49:00,2026-06-18 10:34:00
60000018,100380,200679,2026-06-19 09:54:00,Culture Notes,sent,2026-06-19 11:36:00,
60000019,100848,200246,2026-06-20 10:07:00,Business Dispatch,bounced,,
60000020,100718,200324,2026-06-21 06:20:00,Morning Briefing,sent,,
60000021,100370,200218,2026-06-22 07:33:00,Daily Edition,sent,2026-06-22 07:51:00,
60000022,100330,200456,2026-06-23 08:46:00,Weekend Reads,sent,,
60000023,100328,200728,2026-06-24 09:59:00,Culture Notes,sent,2026-06-24 10:56:00,
60000024,1001,200783,2026-06-25 10:12:00,Business Dispatch,bounced,,
60000025,100450,200938,2026-06-26 06:25:00,Morning Briefing,sent,2026-06-26 07:20:00,
60000026,100573,200921,2026-06-27 07:38:00,Daily Edition,sent,,
60000027,100169,200136,2026-06-28 08:51:00,Weekend Reads,sent,2026-06-28 11:38:00,
60000028,100474,200839,2026-06-29 09:04:00,Culture Notes,sent,2026-06-29 10:41:00,
60000029,100765,200802,2026-06-30 10:17:00,Business Dispatch,bounced,,
60000030,100345,200155,2026-07-01 06:30:00,Morning Briefing,sent,2026-07-01 08:25:00,2026-07-01 08:56:00
60000031,100945,200946,2026-07-02 07:43:00,Daily Edition,sent,2026-07-02 08:09:00,2026-07-02 08:29:00
60000032,100085,200588,2026-07-03 08:56:00,Weekend Reads,sent,,
60000033,100832,200735,2026-07-04 09:09:00,Culture Notes,sent,,
60000034,100833,200725,2026-07-05 10:22:00,Business Dispatch,bounced,,
60000035,100721,200587,2026-07-06 06:35:00,Morning Briefing,sent,2026-07-06 09:15:00,
60000036,100585,200465,2026-07-07 07:48:00,Daily Edition,sent,2026-07-07 08:43:00,
60000037,100914,200213,2026-07-08 08:01:00,Weekend Reads,sent,,
60000038,100838,200441,2026-07-09 09:14:00,Culture Notes,sent,2026-07-09 11:24:00,
60000039,100828,200485,2026-07-10 10:27:00,Business Dispatch,bounced,,
60000040,100085,200107,2026-07-11 06:40:00,Morning Briefing,sent,2026-07-11 08:23:00,
60000041,100346,200565,2026-07-12 07:53:00,Daily Edition,sent,,
60000042,100030,200705,2026-07-13 08:06:00,Weekend Reads,sent,2026-07-13 08:42:00,
60000043,100914,200524,2026-07-14 09:19:00,Culture Notes,sent,,
60000044,100740,200346,2026-07-15 10:32:00,Business Dispatch,bounced,,
60000045,100990,200220,2026-07-16 06:45:00,Morning Briefing,sent,2026-07-16 08:19:00,
60000046,100443,200017,2026-07-17 07:58:00,Daily Edition,sent,2026-07-17 08:17:00,
60000047,100449,200428,2026-07-18 08:11:00,Weekend Reads,sent,2026-07-18 09:18:00,
60000048,100198,200269,2026-07-19 09:24:00,Culture Notes,sent,2026-07-19 12:22:00,
60000049,100685,200897,2026-07-20 10:37:00,Business Dispatch,bounced,,
60000050,100798,200251,2026-06-01 06:50:00,Morning Briefing,sent,2026-06-01 09:49:00,
60000051,100675,200437,2026-06-02 07:03:00,Daily Edition,sent,2026-06-02 09:57:00,2026-06-02 09:58:00
60000052,100289,200599,2026-06-03 08:16:00,Weekend Reads,sent,,
60000053,100102,200605,2026-06-04 09:29:00,Culture Notes,sent,2026-06-04 12:04:00,2026-06-04 12:10:00
60000054,100782,200584,2026-06-05 10:42:00,Business Dispatch,bounced,,
60000055,100909,200212,2026-06-06 06:55:00,Morning Briefing,sent,2026-06-06 08:49:00,
60000056,100926,200464,2026-06-07 07:08:00,Daily Edition,sent,2026-06-07 10:01:00,2026-06-07 10:39:00
60000057,100202,200521,2026-06-08 08:21:00,Weekend Reads,sent,2026-06-08 08:48:00,
60000058,100847,200691,2026-06-09 09:34:00,Culture Notes,sent,2026-06-09 10:15:00,
60000059,100404,200159,2026-06-10 10:47:00,Business Dispatch,bounced,,
60000060,100656,200872,2026-06-11 06:00:00,Morning Briefing,sent,2026-06-11 06:06:00,2026-06-11 06:38:00
60000061,100373,200205,2026-06-12 07:13:00,Daily Edition,sent,,
60000062,100112,200973,2026-06-13 08:26:00,Weekend Reads,sent,2026-06-13 11:18:00,
60000063,100878,200524,2026-06-14 09:39:00,Culture Notes,sent,,
60000064,100836,200019,2026-06-15 10:52:00,Business Dispatch,bounced,,
60000065,100284,200663,2026-06-16 06:05:00,Morning Briefing,sent,2026-06-16 08:18:00,2026-06-16 08:47:00
60000066,100926,200911,2026-06-17 07:18:00,Daily Edition,sent,,
60000067,100649,200748,2026-06-18 08:31:00,Weekend Reads,sent,2026-06-18 09:25:00,
60000068,100626,200520,2026-06-19 09:44:00,Culture Notes,sent,2026-06-19 12:29:00,2026-06-19 12:36:00
60000069,100924,200971,2026-06-20 10:57:00,Business Dispatch,bounced,,
60000070,100830,200245,2026-06-21 06:10:00,Morning Briefing,sent,2026-06-21 07:51:00,
60000071,100010,200397,2026-06-22 07:23:00,Daily Edition,sent,,
60000072,100053,200690,2026-06-23 08:36:00,Weekend Reads,sent,2026-06-23 09:06:00,
60000073,100840,200033,2026-06-24 09:49:00,Culture Notes,sent,2026-06-24 12:44:00,
60000074,100019,200481,2026-06-25 10:02:00,Business Dispatch,bounced,,
60000075,100799,200739,2026-06-26 06:15:00,Morning Briefing,sent,2026-06-26 07:56:00,
60000076,100322,200457,2026-06-27 07:28:00,Daily Edition,sent,,
60000077,100215,200684,2026-06-28 08:41:00,Weekend Reads,sent,2026-06-28 11:20:00,
60000078,100528,200407,2026-06-29 09:54:00,Culture Notes,sent,2026-06-29 11:19:00,2026-06-29 11:43:00
60000079,100245,200637,2026-06-30 10:07:00,Business Dispatch,bounced,,
60000080,100233,200919,2026-07-01 06:20:00,Morning Briefing,sent,,
60000081,100771,200753,2026-07-02 07:33:00,Daily Edition,sent,2026-07-02 08:03:00,
60000082,100016,200940,2026-07-03 08:46:00,Weekend Reads,sent,2026-07-03 09:26:00,
60000083,100535,200766,2026-07-04 09:59:00,Culture Notes,sent,2026-07-04 11:07:00,
60000084,100587,200967,2026-07-05 10:12:00,Business Dispatch,bounced,,
60000085,100933,200743,2026-07-06 06:25:00,Morning Briefing,sent,2026-07-06 08:15:00,
60000086,100303,200997,2026-07-07 07:38:00,Daily Edition,sent,2026-07-07 09:05:00,
60000087,100772,200869,2026-07-08 08:51:00,Weekend Reads,sent,,
60000088,100453,200538,2026-07-09 09:04:00,Culture Notes,sent,2026-07-09 11:02:00,
60000089,100724,200769,2026-07-10 10:17:00,Business Dispatch,bounced,,
60000090,100932,200111,2026-07-11 06:30:00,Morning Briefing,sent,2026-07-11 08:04:00,
60000091,100741,200562,2026-07-12 07:43:00,Daily Edition,sent,2026-07-12 10:36:00,2026-07-12 10:43:00
60000092,100898,200766,2026-07-13 08:56:00,Weekend Reads,sent,2026-07-13 09:50:00,2026-07-13 10:24:00
60000093,100521,200001,2026-07-14 09:09:00,Culture Notes,sent,2026-07-14 11:23:00,
60000094,100112,200515,2026-07-15 10:22:00,Business Dispatch,bounced,,
60000095,100206,200129,2026-07-16 06:35:00,Morning Briefing,sent,2026-07-16 09:00:00,2026-07-16 09:30:00
60000096,100598,200479,2026-07-17 07:48:00,Daily Edition,sent,2026-07-17 08:22:00,
60000097,100230,200009,2026-07-18 08:01:00,Weekend Reads,sent,,
60000098,100799,200288,2026-07-19 09:14:00,Culture Notes,sent,2026-07-19 09:41:00,
60000099,100242,200215,2026-07-20 10:27:00,Business Dispatch,bounced,,
60000100,100825,200548,2026-06-01 06:40:00,Morning Briefing,sent,2026-06-01 08:23:00,2026-06-01 08:38:00
60000101,100239,200234,2026-06-02 07:53:00,Daily Edition,sent,2026-06-02 10:49:00,
60000102,100819,200651,2026-06-03 08:06:00,Weekend Reads,sent,2026-06-03 10:16:00,
60000103,100188,200983,2026-06-04 09:19:00,Culture Notes,sent,2026-06-04 11:51:00,2026-06-04 12:30:00
60000104,100484,200723,2026-06-05 10:32:00,Business Dispatch,bounced,,
60000105,100947,200925,2026-06-06 06:45:00,Morning Briefing,sent,2026-06-06 08:27:00,
60000106,100420,200481,2026-06-07 07:58:00,Daily Edition,sent,2026-06-07 09:54:00,2026-06-07 10:09:00
60000107,100924,200982,2026-06-08 08:11:00,Weekend Reads,sent,2026-06-08 08:44:00,
60000108,100307,200254,2026-06-09 09:24:00,Culture Notes,sent,2026-06-09 09:58:00,
60000109,100508,200370,2026-06-10 10:37:00,Business Dispatch,bounced,,
60000110,100803,200963,2026-06-11 06:50:00,Morning Briefing,sent,2026-06-11 06:55:00,
60000111,100607,200423,2026-06-12 07:03:00,Daily Edition,sent,,
60000112,100753,200112,2026-06-13 08:16:00,Weekend Reads,sent,2026-06-13 09:54:00,2026-06-13 10:03:00
60000113,100241,2005,2026-06-14 09:29:00,Culture Notes,sent,2026-06-14 10:30:00,
60000114,100109,200938,2026-06-15 10:42:00,Business Dispatch,bounced,,
60000115,100950,200946,2026-06-16 06:55:00,Morning Briefing,sent,2026-06-16 08:15:00,2026-06-16 08:47:00
60000116,100555,200642,2026-06-17 07:08:00,Daily Edition,sent,,
60000117,100592,200012,2026-06-18 08:21:00,Weekend Reads,sent,2026-06-18 08:34:00,
60000118,100149,200234,2026-06-19 09:34:00,Culture Notes,sent,2026-06-19 10:10:00,
60000119,100885,200013,2026-06-20 10:47:00,Business Dispatch,bounced,,
60000120,100024,200526,2026-06-21 06:00:00,Morning Briefing,sent,2026-06-21 07:00:00,
60000121,100047,200773,2026-06-22 07:13:00,Daily Edition,sent,2026-06-22 08:43:00,
60000122,100270,200449,2026-06-23 08:26:00,Weekend Reads,sent,2026-06-23 09:28:00,2026-06-23 09:32:00
60000123,100170,200251,2026-06-24 09:39:00,Culture Notes,sent,2026-06-24 11:48:00,2026-06-24 12:08:00
60000124,100281,200457,2026-06-25 10:52:00,Business Dispatch,bounced,,
60000125,100386,200163,2026-06-26 06:05:00,Morning Briefing,sent,,
60000126,100731,200390,2026-06-27 07:18:00,Daily Edition,sent,2026-06-27 09:11:00,
60000127,100675,200925,2026-06-28 08:31:00,Weekend Reads,sent,2026-06-28 08:54:00,
60000128,100800,200748,2026-06-29 09:44:00,Culture Notes,sent,2026-06-29 10:38:00,2026-06-29 11:14:00
60000129,100542,200993,2026-06-30 10:57:00,Business Dispatch,bounced,,
60000130,100283,200624,2026-07-01 06:10:00,Morning Briefing,sent,2026-07-01 08:43:00,2026-07-01 08:47:00
60000131,100015,200828,2026-07-02 07:23:00,Daily Edition,sent,2026-07-02 09:25:00,
60000132,100589,200915,2026-07-03 08:36:00,Weekend Reads,sent,2026-07-03 10:44:00,
60000133,100212,200914,2026-07-04 09:49:00,Culture Notes,sent,,
60000134,100209,200385,2026-07-05 10:02:00,Business Dispatch,bounced,,
60000135,100211,200608,2026-07-06 06:15:00,Morning Briefing,sent,,
60000136,100870,200718,2026-07-07 07:28:00,Daily Edition,sent,2026-07-07 10:26:00,2026-07-07 10:36:00
60000137,100594,200122,2026-07-08 08:41:00,Weekend Reads,sent,2026-07-08 11:39:00,2026-07-08 11:43:00
60000138,100504,200298,2026-07-09 09:54:00,Culture Notes,sent,2026-07-09 10:44:00,2026-07-09 10:52:00
60000139,100177,200130,2026-07-10 10:07:00,Business Dispatch,bounced,,
60000140,100942,200047,2026-07-11 06:20:00,Morning Briefing,sent,2026-07-11 07:03:00,
60000141,100786,200216,2026-07-12 07:33:00,Daily Edition,sent,,
60000142,100308,200207,2026-07-13 08:46:00,Weekend Reads,sent,2026-07-13 11:23:00,2026-07-13 12:05:00
60000143,100352,200310,2026-07-14 09:59:00,Culture Notes,sent,2026-07-14 12:55:00,
60000144,100452,200686,2026-07-15 10:12:00,Business Dispatch,bounced,,
60000145,100033,200238,2026-07-16 06:25:00,Morning Briefing,sent,2026-07-16 07:40:00,
60000146,100714,200967,2026-07-17 07:38:00,Daily Edition,sent,,
60000147,100256,200572,2026-07-18 08:51:00,Weekend Reads,sent,,
60000148,100197,200487,2026-07-19 09:04:00,Culture Notes,sent,2026-07-19 10:06:00,
60000149,100113,200194,2026-07-20 10:17:00,Business Dispatch,bounced,,
60000150,100026,200422,2026-06-01 06:30:00,Morning Briefing,sent,2026-06-01 06:59:00,2026-06-01 07:11:00
60000151,100778,200041,2026-06-02 07:43:00,Daily Edition,sent,2026-06-02 09:39:00,
60000152,100487,200670,2026-06-03 08:56:00,Weekend Reads,sent,2026-06-03 11:18:00,
60000153,100235,200803,2026-06-04 09:09:00,Culture Notes,sent,,
60000154,100226,200781,2026-06-05 10:22:00,Business Dispatch,bounced,,
60000155,100545,200590,2026-06-06 06:35:00,Morning Briefing,sent,2026-06-06 08:45:00,
60000156,100470,200217,2026-06-07 07:48:00,Daily Edition,sent,2026-06-07 10:39:00,
60000157,100323,200729,2026-06-08 08:01:00,Weekend Reads,sent,2026-06-08 08:36:00,
60000158,100289,200488,2026-06-09 09:14:00,Culture Notes,sent,,
60000159,100551,200365,2026-06-10 10:27:00,Business Dispatch,bounced,,
60000160,100880,200645,2026-06-11 06:40:00,Morning Briefing,sent,,
60000161,100925,200159,2026-06-12 07:53:00,Daily Edition,sent,,
60000162,100898,200601,2026-06-13 08:06:00,Weekend Reads,sent,2026-06-13 08:19:00,
60000163,100776,200055,2026-06-14 09:19:00,Culture Notes,sent,2026-06-14 11:43:00,
60000164,100460,200109,2026-06-15 10:32:00,Business Dispatch,bounced,,
60000165,100851,200082,2026-06-16 06:45:00,Morning Briefing,sent,,
60000166,100264,200278,2026-06-17 07:58:00,Daily Edition,sent,2026-06-17 09:18:00,
60000167,100180,200768,2026-06-18 08:11:00,Weekend Reads,sent,2026-06-18 09:36:00,
60000168,100670,200206,2026-06-19 09:24:00,Culture Notes,sent,2026-06-19 10:22:00,2026-06-19 11:05:00
60000169,100084,200211,2026-06-20 10:37:00,Business Dispatch,bounced,,
60000170,100159,200055,2026-06-21 06:50:00,Morning Briefing,sent,,
60000171,100085,200805,2026-06-22 07:03:00,Daily Edition,sent,2026-06-22 07:42:00,
60000172,100957,200776,2026-06-23 08:16:00,Weekend Reads,sent,2026-06-23 08:53:00,2026-06-23 09:21:00
60000173,100276,200891,2026-06-24 09:29:00,Culture Notes,sent,,
60000174,100822,200406,2026-06-25 10:42:00,Business Dispatch,bounced,,
60000175,100343,200206,2026-06-26 06:55:00,Morning Briefing,sent,2026-06-26 07:21:00,2026-06-26 08:05:00
60000176,100563,200007,2026-06-27 07:08:00,Daily Edition,sent,2026-06-27 09:30:00,
60000177,100578,200991,2026-06-28 08:21:00,Weekend Reads,sent,,
60000178,100604,200123,2026-06-29 09:34:00,Culture Notes,sent,2026-06-29 11:14:00,
60000179,100475,200923,2026-06-30 10:47:00,Business Dispatch,bounced,,
60000180,100804,200474,2026-07-01 06:00:00,Morning Briefing,sent,,
60000181,100961,200948,2026-07-02 07:13:00,Daily Edition,sent,2026-07-02 09:09:00,
60000182,100261,200470,2026-07-03 08:26:00,Weekend Reads,sent,,
60000183,100063,200693,2026-07-04 09:39:00,Culture Notes,sent,2026-07-04 12:39:00,
60000184,100662,200460,2026-07-05 10:52:00,Business Dispatch,bounced,,
60000185,100907,200191,2026-07-06 06:05:00,Morning Briefing,sent,2026-07-06 07:35:00,2026-07-06 07:45:00
60000186,100039,200495,2026-07-07 07:18:00,Daily Edition,sent,,
60000187,100147,200201,2026-07-08 08:31:00,Weekend Reads,sent,2026-07-08 09:32:00,
60000188,100947,200734,2026-07-09 09:44:00,Culture Notes,sent,2026-07-09 10:33:00,
60000189,100664,200267,2026-07-10 10:57:00,Business Dispatch,bounced,,
60000190,100790,200024,2026-07-11 06:10:00,Morning Briefing,sent,2026-07-11 06:39:00,
60000191,100185,200370,2026-07-12 07:23:00,Daily Edition,sent,2026-07-12 09:49:00,
60000192,100420,200434,2026-07-13 08:36:00,Weekend Reads,sent,,
60000193,100865,200172,2026-07-14 09:49:00,Culture Notes,sent,2026-07-14 10:40:00,
60000194,100102,200298,2026-07-15 10:02:00,Business Dispatch,bounced,,
60000195,100616,200110,2026-07-16 06:15:00,Morning Briefing,sent,2026-07-16 08:52:00,2026-07-16 09:18:00
60000196,100148,200220,2026-07-17 07:28:00,Daily Edition,sent,,
60000197,100296,200925,2026-07-18 08:41:00,Weekend Reads,sent,2026-07-18 09:25:00,
60000198,100903,200197,2026-07-19 09:54:00,Culture Notes,sent,2026-07-19 11:07:00,
60000199,100163,200943,2026-07-20 10:07:00,Business Dispatch,bounced,,
60000200,100611,200292,2026-06-01 06:20:00,Morning Briefing,sent,2026-06-01 07:28:00,
60000201,100708,200883,2026-06-02 07:33:00,Daily Edition,sent,2026-06-02 09:30:00,2026-06-02 10:00:00
60000202,100643,200128,2026-06-03 08:46:00,Weekend Reads,sent,,
60000203,100088,200705,2026-06-04 09:59:00,Culture Notes,sent,2026-06-04 11:02:00,
60000204,100191,200941,2026-06-05 10:12:00,Business Dispatch,bounced,,
60000205,100319,200720,2026-06-06 06:25:00,Morning Briefing,sent,2026-06-06 07:50:00,2026-06-06 08:31:00
60000206,100307,200741,2026-06-07 07:38:00,Daily Edition,sent,2026-06-07 08:06:00,
60000207,100239,200631,2026-06-08 08:51:00,Weekend Reads,sent,2026-06-08 11:17:00,2026-06-08 11:18:00
60000208,100762,200182,2026-06-09 09:04:00,Culture Notes,sent,2026-06-09 11:19:00,2026-06-09 11:28:00
60000209,100809,200387,2026-06-10 10:17:00,Business Dispatch,bounced,,
60000210,100307,200330,2026-06-11 06:30:00,Morning Briefing,sent,2026-06-11 08:51:00,2026-06-11 09:17:00
60000211,100149,200475,2026-06-12 07:43:00,Daily Edition,sent,,
60000212,100750,200444,2026-06-13 08:56:00,Weekend Reads,sent,,
60000213,100076,200415,2026-06-14 09:09:00,Culture Notes,sent,2026-06-14 10:42:00,
60000214,100304,200693,2026-06-15 10:22:00,Business Dispatch,bounced,,
60000215,100969,200223,2026-06-16 06:35:00,Morning Briefing,sent,2026-06-16 08:55:00,2026-06-16 08:58:00
60000216,100278,200007,2026-06-17 07:48:00,Daily Edition,sent,2026-06-17 10:45:00,2026-06-17 11:19:00
60000217,100745,200649,2026-06-18 08:01:00,Weekend Reads,sent,,
60000218,100742,200778,2026-06-19 09:14:00,Culture Notes,sent,,
60000219,100444,200248,2026-06-20 10:27:00,Business Dispatch,bounced,,
60000220,100518,200175,2026-06-21 06:40:00,Morning Briefing,sent,2026-06-21 07:28:00,
60000221,100711,200148,2026-06-22 07:53:00,Daily Edition,sent,2026-06-22 09:01:00,2026-06-22 09:09:00
60000222,100174,200501,2026-06-23 08:06:00,Weekend Reads,sent,2026-06-23 09:18:00,
60000223,100963,200713,2026-06-24 09:19:00,Culture Notes,sent,2026-06-24 10:19:00,2026-06-24 11:01:00
60000224,100355,200925,2026-06-25 10:32:00,Business Dispatch,bounced,,
60000225,100822,200908,2026-06-26 06:45:00,Morning Briefing,sent,2026-06-26 09:28:00,2026-06-26 09:32:00
60000226,100578,200920,2026-06-27 07:58:00,Daily Edition,sent,2026-06-27 09:27:00,
60000227,100489,200023,2026-06-28 08:11:00,Weekend Reads,sent,2026-06-28 09:03:00,
60000228,100011,200853,2026-06-29 09:24:00,Culture Notes,sent,2026-06-29 10:19:00,
60000229,100659,200366,2026-06-30 10:37:00,Business Dispatch,bounced,,
60000230,100006,200974,2026-07-01 06:50:00,Morning Briefing,sent,,
60000231,100190,200228,2026-07-02 07:03:00,Daily Edition,sent,,
60000232,100939,200368,2026-07-03 08:16:00,Weekend Reads,sent,,
60000233,100371,200273,2026-07-04 09:29:00,Culture Notes,sent,2026-07-04 11:23:00,2026-07-04 11:58:00
60000234,100668,200460,2026-07-05 10:42:00,Business Dispatch,bounced,,
60000235,100930,200789,2026-07-06 06:55:00,Morning Briefing,sent,2026-07-06 08:52:00,
60000236,100692,200231,2026-07-07 07:08:00,Daily Edition,sent,2026-07-07 08:44:00,2026-07-07 08:57:00
60000237,100345,200389,2026-07-08 08:21:00,Weekend Reads,sent,2026-07-08 09:00:00,
60000238,100566,200553,2026-07-09 09:34:00,Culture Notes,sent,2026-07-09 10:20:00,
60000239,100588,200757,2026-07-10 10:47:00,Business Dispatch,bounced,,
60000240,100180,200596,2026-07-11 06:00:00,Morning Briefing,sent,2026-07-11 06:35:00,
60000241,100410,200901,2026-07-12 07:13:00,Daily Edition,sent,2026-07-12 07:50:00,
60000242,100779,200227,2026-07-13 08:26:00,Weekend Reads,sent,2026-07-13 10:39:00,2026-07-13 11:04:00
60000243,100002,200640,2026-07-14 09:39:00,Culture Notes,sent,2026-07-14 09:49:00,
60000244,100680,200926,2026-07-15 10:52:00,Business Dispatch,bounced,,
60000245,100022,200593,2026-07-16 06:05:00,Morning Briefing,sent,2026-07-16 06:23:00,
60000246,100985,200455,2026-07-17 07:18:00,Daily Edition,sent,2026-07-17 07:25:00,
60000247,100856,200926,2026-07-18 08:31:00,Weekend Reads,sent,2026-07-18 10:25:00,
60000248,100828,200069,2026-07-19 09:44:00,Culture Notes,sent,2026-07-19 10:52:00,
60000249,100991,200923,2026-07-20 10:57:00,Business Dispatch,bounced,,
60000250,100567,200658,2026-06-01 06:10:00,Morning Briefing,sent,,
60000251,100461,200025,2026-06-02 07:23:00,Daily Edition,sent,,
60000252,100948,200112,2026-06-03 08:36:00,Weekend Reads,sent,2026-06-03 10:49:00,
60000253,100889,200393,2026-06-04 09:49:00,Culture Notes,sent,2026-06-04 12:36:00,
60000254,100181,200310,2026-06-05 10:02:00,Business Dispatch,bounced,,
60000255,100984,200227,2026-06-06 06:15:00,Morning Briefing,sent,,
60000256,100817,200928,2026-06-07 07:28:00,Daily Edition,sent,,
60000257,100689,200362,2026-06-08 08:41:00,Weekend Reads,sent,,
60000258,100463,200318,2026-06-09 09:54:00,Culture Notes,sent,2026-06-09 12:13:00,
60000259,100062,200563,2026-06-10 10:07:00,Business Dispatch,bounced,,
60000260,100274,2008,2026-06-11 06:20:00,Morning Briefing,sent,2026-06-11 08:27:00,
60000261,100966,200637,2026-06-12 07:33:00,Daily Edition,sent,,
60000262,100186,200283,2026-06-13 08:46:00,Weekend Reads,sent,2026-06-13 10:20:00,2026-06-13 10:36:00
60000263,100917,200388,2026-06-14 09:59:00,Culture Notes,sent,,
60000264,100940,200069,2026-06-15 10:12:00,Business Dispatch,bounced,,
60000265,100178,200336,2026-06-16 06:25:00,Morning Briefing,sent,2026-06-16 07:24:00,
60000266,100874,200930,2026-06-17 07:38:00,Daily Edition,sent,2026-06-17 09:33:00,
60000267,100599,200453,2026-06-18 08:51:00,Weekend Reads,sent,2026-06-18 10:13:00,
60000268,100684,200274,2026-06-19 09:04:00,Culture Notes,sent,2026-06-19 09:42:00,
60000269,100306,200218,2026-06-20 10:17:00,Business Dispatch,bounced,,
60000270,100190,200136,2026-06-21 06:30:00,Morning Briefing,sent,2026-06-21 08:50:00,
60000271,100556,200885,2026-06-22 07:43:00,Daily Edition,sent,,
60000272,100077,200638,2026-06-23 08:56:00,Weekend Reads,sent,,
60000273,100580,200501,2026-06-24 09:09:00,Culture Notes,sent,2026-06-24 11:48:00,
60000274,100925,200428,2026-06-25 10:22:00,Business Dispatch,bounced,,
60000275,100458,200483,2026-06-26 06:35:00,Morning Briefing,sent,2026-06-26 07:28:00,
60000276,100977,200108,2026-06-27 07:48:00,Daily Edition,sent,,
60000277,100570,200300,2026-06-28 08:01:00,Weekend Reads,sent,2026-06-28 09:23:00,2026-06-28 09:36:00
60000278,100165,200779,2026-06-29 09:14:00,Culture Notes,sent,,
60000279,100474,200151,2026-06-30 10:27:00,Business Dispatch,bounced,,
60000280,100516,200245,2026-07-01 06:40:00,Morning Briefing,sent,2026-07-01 09:08:00,2026-07-01 09:32:00
60000281,100497,200150,2026-07-02 07:53:00,Daily Edition,sent,2026-07-02 09:49:00,
60000282,100692,200915,2026-07-03 08:06:00,Weekend Reads,sent,2026-07-03 10:19:00,2026-07-03 10:30:00
60000283,100062,200219,2026-07-04 09:19:00,Culture Notes,sent,2026-07-04 09:57:00,
60000284,100163,200466,2026-07-05 10:32:00,Business Dispatch,bounced,,
60000285,100618,200367,2026-07-06 06:45:00,Morning Briefing,sent,2026-07-06 07:38:00,2026-07-06 08:04:00
60000286,100571,200447,2026-07-07 07:58:00,Daily Edition,sent,2026-07-07 10:14:00,2026-07-07 10:25:00
60000287,100755,200978,2026-07-08 08:11:00,Weekend Reads,sent,2026-07-08 10:39:00,2026-07-08 11:05:00
60000288,100148,200876,2026-07-09 09:24:00,Culture Notes,sent,,
60000289,100741,200949,2026-07-10 10:37:00,Business Dispatch,bounced,,
60000290,100633,200246,2026-07-11 06:50:00,Morning Briefing,sent,2026-07-11 06:57:00,2026-07-11 07:30:00
60000291,100044,200977,2026-07-12 07:03:00,Daily Edition,sent,2026-07-12 09:22:00,
60000292,100364,200994,2026-07-13 08:16:00,Weekend Reads,sent,2026-07-13 09:29:00,
60000293,100443,200068,2026-07-14 09:29:00,Culture Notes,sent,,
60000294,100251,200437,2026-07-15 10:42:00,Business Dispatch,bounced,,
60000295,100120,200080,2026-07-16 06:55:00,Morning Briefing,sent,,
60000296,100890,200812,2026-07-17 07:08:00,Daily Edition,sent,2026-07-17 08:22:00,2026-07-17 08:26:00
60000297,100081,200037,2026-07-18 08:21:00,Weekend Reads,sent,,
60000298,100902,200454,2026-07-19 09:34:00,Culture Notes,sent,2026-07-19 09:39:00,
60000299,100255,200225,2026-07-20 10:47:00,Business Dispatch,bounced,,
60000300,100413,200279,2026-06-01 06:00:00,Morning Briefing,sent,2026-06-01 08:25:00,
60000301,100346,200514,2026-06-02 07:13:00,Daily Edition,sent,2026-06-02 08:33:00,
60000302,100281,200173,2026-06-03 08:26:00,Weekend Reads,sent,2026-06-03 10:02:00,
60000303,100298,200924,2026-06-04 09:39:00,Culture Notes,sent,,
60000304,100871,200586,2026-06-05 10:52:00,Business Dispatch,bounced,,
60000305,100089,200630,2026-06-06 06:05:00,Morning Briefing,sent,2026-06-06 08:39:00,
60000306,100984,200588,2026-06-07 07:18:00,Daily Edition,sent,2026-06-07 10:10:00,
60000307,100686,200227,2026-06-08 08:31:00,Weekend Reads,sent,2026-06-08 09:28:00,2026-06-08 09:43:00
60000308,100003,200792,2026-06-09 09:44:00,Culture Notes,sent,,
60000309,100248,200748,2026-06-10 10:57:00,Business Dispatch,bounced,,
60000310,100124,200435,2026-06-11 06:10:00,Morning Briefing,sent,2026-06-11 08:09:00,
60000311,100583,200474,2026-06-12 07:23:00,Daily Edition,sent,2026-06-12 09:30:00,
60000312,100286,200197,2026-06-13 08:36:00,Weekend Reads,sent,,
60000313,100922,200995,2026-06-14 09:49:00,Culture Notes,sent,,
60000314,100171,200227,2026-06-15 10:02:00,Business Dispatch,bounced,,
60000315,100342,200237,2026-06-16 06:15:00,Morning Briefing,sent,2026-06-16 06:25:00,
60000316,100524,200215,2026-06-17 07:28:00,Daily Edition,sent,2026-06-17 10:28:00,
60000317,100715,200547,2026-06-18 08:41:00,Weekend Reads,sent,,
60000318,100008,200235,2026-06-19 09:54:00,Culture Notes,sent,2026-06-19 11:42:00,
60000319,100224,200876,2026-06-20 10:07:00,Business Dispatch,bounced,,
60000320,100890,200142,2026-06-21 06:20:00,Morning Briefing,sent,2026-06-21 08:59:00,
60000321,100521,200915,2026-06-22 07:33:00,Daily Edition,sent,,
60000322,100301,200232,2026-06-23 08:46:00,Weekend Reads,sent,2026-06-23 09:02:00,
60000323,100485,200802,2026-06-24 09:59:00,Culture Notes,sent,,
60000324,100149,200186,2026-06-25 10:12:00,Business Dispatch,bounced,,
60000325,100101,200939,2026-06-26 06:25:00,Morning Briefing,sent,2026-06-26 06:32:00,2026-06-26 06:39:00
60000326,100048,200976,2026-06-27 07:38:00,Daily Edition,sent,2026-06-27 08:04:00,
60000327,100913,200702,2026-06-28 08:51:00,Weekend Reads,sent,2026-06-28 10:49:00,2026-06-28 11:09:00
60000328,100642,200781,2026-06-29 09:04:00,Culture Notes,sent,,
60000329,100298,200511,2026-06-30 10:17:00,Business Dispatch,bounced,,
60000330,100652,200356,2026-07-01 06:30:00,Morning Briefing,sent,2026-07-01 07:06:00,
60000331,100468,200689,2026-07-02 07:43:00,Daily Edition,sent,2026-07-02 08:14:00,
60000332,100557,200506,2026-07-03 08:56:00,Weekend Reads,sent,,
60000333,100071,200684,2026-07-04 09:09:00,Culture Notes,sent,,
60000334,100801,200664,2026-07-05 10:22:00,Business Dispatch,bounced,,
60000335,100049,200011,2026-07-06 06:35:00,Morning Briefing,sent,2026-07-06 07:37:00,2026-07-06 08:21:00
60000336,100785,200558,2026-07-07 07:48:00,Daily Edition,sent,2026-07-07 08:21:00,
60000337,100656,200630,2026-07-08 08:01:00,Weekend Reads,sent,,
60000338,100058,200292,2026-07-09 09:14:00,Culture Notes,sent,2026-07-09 11:56:00,
60000339,100646,200301,2026-07-10 10:27:00,Business Dispatch,bounced,,
60000340,100761,201000,2026-07-11 06:40:00,Morning Briefing,sent,,
60000341,100160,200937,2026-07-12 07:53:00,Daily Edition,sent,,
60000342,100892,200313,2026-07-13 08:06:00,Weekend Reads,sent,2026-07-13 08:57:00,
60000343,100037,200776,2026-07-14 09:19:00,Culture Notes,sent,2026-07-14 10:41:00,
60000344,100651,200539,2026-07-15 10:32:00,Business Dispatch,bounced,,
60000345,100277,200115,2026-07-16 06:45:00,Morning Briefing,sent,,
60000346,100584,200461,2026-07-17 07:58:00,Daily Edition,sent,2026-07-17 09:10:00,2026-07-17 09:15:00
60000347,100115,200623,2026-07-18 08:11:00,Weekend Reads,sent,2026-07-18 08:54:00,2026-07-18 09:04:00
60000348,100390,200922,2026-07-19 09:24:00,Culture Notes,sent,2026-07-19 11:31:00,2026-07-19 11:39:00
60000349,100792,200234,2026-07-20 10:37:00,Business Dispatch,bounced,,
60000350,100919,200841,2026-06-01 06:50:00,Morning Briefing,sent,,
60000351,100158,200022,2026-06-02 07:03:00,Daily Edition,sent,2026-06-02 07:54:00,2026-06-02 08:17:00
60000352,100494,200878,2026-06-03 08:16:00,Weekend Reads,sent,2026-06-03 10:06:00,
60000353,100820,200211,2026-06-04 09:29:00,Culture Notes,sent,,
60000354,100808,200814,2026-06-05 10:42:00,Business Dispatch,bounced,,
60000355,100422,200072,2026-06-06 06:55:00,Morning Briefing,sent,2026-06-06 09:20:00,
60000356,100481,200313,2026-06-07 07:08:00,Daily Edition,sent,2026-06-07 08:11:00,
60000357,100617,200691,2026-06-08 08:21:00,Weekend Reads,sent,2026-06-08 10:53:00,2026-06-08 11:08:00
60000358,100917,200823,2026-06-09 09:34:00,Culture Notes,sent,,
60000359,100791,200645,2026-06-10 10:47:00,Business Dispatch,bounced,,
60000360,100998,200566,2026-06-11 06:00:00,Morning Briefing,sent,2026-06-11 08:06:00,2026-06-11 08:14:00
60000361,100089,200501,2026-06-12 07:13:00,Daily Edition,sent,2026-06-12 07:53:00,
60000362,100800,200896,2026-06-13 08:26:00,Weekend Reads,sent,2026-06-13 10:18:00,
60000363,100105,200800,2026-06-14 09:39:00,Culture Notes,sent,,
60000364,100960,200397,2026-06-15 10:52:00,Business Dispatch,bounced,,
60000365,100974,200132,2026-06-16 06:05:00,Morning Briefing,sent,2026-06-16 07:46:00,2026-06-16 08:31:00
60000366,100072,200199,2026-06-17 07:18:00,Daily Edition,sent,2026-06-17 07:50:00,
60000367,100382,200876,2026-06-18 08:31:00,Weekend Reads,sent,2026-06-18 09:16:00,
60000368,100097,200757,2026-06-19 09:44:00,Culture Notes,sent,,
60000369,100612,200601,2026-06-20 10:57:00,Business Dispatch,bounced,,
60000370,100802,200914,2026-06-21 06:10:00,Morning Briefing,sent,2026-06-21 06:53:00,2026-06-21 07:24:00
60000371,100791,200121,2026-06-22 07:23:00,Daily Edition,sent,2026-06-22 08:44:00,
60000372,100176,200956,2026-06-23 08:36:00,Weekend Reads,sent,2026-06-23 11:26:00,2026-06-23 11:45:00
60000373,100731,200842,2026-06-24 09:49:00,Culture Notes,sent,,
60000374,100703,200584,2026-06-25 10:02:00,Business Dispatch,bounced,,
60000375,100260,200847,2026-06-26 06:15:00,Morning Briefing,sent,,
60000376,1003,200306,2026-06-27 07:28:00,Daily Edition,sent,2026-06-27 09:21:00,
60000377,100431,200580,2026-06-28 08:41:00,Weekend Reads,sent,2026-06-28 09:52:00,2026-06-28 10:25:00
60000378,100076,200027,2026-06-29 09:54:00,Culture Notes,sent,,
60000379,100418,200876,2026-06-30 10:07:00,Business Dispatch,bounced,,
60000380,100537,200894,2026-07-01 06:20:00,Morning Briefing,sent,,
60000381,100219,200130,2026-07-02 07:33:00,Daily Edition,sent,2026-07-02 08:32:00,
60000382,100252,200755,2026-07-03 08:46:00,Weekend Reads,sent,2026-07-03 11:14:00,
60000383,100841,200346,2026-07-04 09:59:00,Culture Notes,sent,2026-07-04 12:06:00,
60000384,100036,200334,2026-07-05 10:12:00,Business Dispatch,bounced,,
60000385,100022,200338,2026-07-06 06:25:00,Morning Briefing,sent,,
60000386,100323,200050,2026-07-07 07:38:00,Daily Edition,sent,2026-07-07 08:32:00,
60000387,100516,200150,2026-07-08 08:51:00,Weekend Reads,sent,2026-07-08 10:21:00,
60000388,100250,200771,2026-07-09 09:04:00,Culture Notes,sent,2026-07-09 09:25:00,
60000389,100175,200326,2026-07-10 10:17:00,Business Dispatch,bounced,,
60000390,100467,200676,2026-07-11 06:30:00,Morning Briefing,sent,,
60000391,100266,200619,2026-07-12 07:43:00,Daily Edition,sent,2026-07-12 08:49:00,
60000392,100329,200098,2026-07-13 08:56:00,Weekend Reads,sent,2026-07-13 11:25:00,2026-07-13 11:56:00
60000393,100659,200831,2026-07-14 09:09:00,Culture Notes,sent,2026-07-14 10:33:00,
60000394,100594,200048,2026-07-15 10:22:00,Business Dispatch,bounced,,
60000395,100716,200831,2026-07-16 06:35:00,Morning Briefing,sent,2026-07-16 07:29:00,
60000396,100666,200518,2026-07-17 07:48:00,Daily Edition,sent,2026-07-17 08:26:00,2026-07-17 08:33:00
60000397,100158,200907,2026-07-18 08:01:00,Weekend Reads,sent,2026-07-18 10:14:00,
60000398,100950,200942,2026-07-19 09:14:00,Culture Notes,sent,,
60000399,100751,200628,2026-07-20 10:27:00,Business Dispatch,bounced,,
60000400,100526,200851,2026-06-01 06:40:00,Morning Briefing,sent,2026-06-01 06:54:00,
60000401,100111,200403,2026-06-02 07:53:00,Daily Edition,sent,2026-06-02 10:38:00,
60000402,100174,200914,2026-06-03 08:06:00,Weekend Reads,sent,2026-06-03 11:05:00,
60000403,100384,200705,2026-06-04 09:19:00,Culture Notes,sent,,
60000404,100943,200951,2026-06-05 10:32:00,Business Dispatch,bounced,,
60000405,100884,200014,2026-06-06 06:45:00,Morning Briefing,sent,2026-06-06 09:03:00,2026-06-06 09:25:00
60000406,100734,200599,2026-06-07 07:58:00,Daily Edition,sent,,
60000407,100171,200028,2026-06-08 08:11:00,Weekend Reads,sent,2026-06-08 10:06:00,
60000408,100078,200878,2026-06-09 09:24:00,Culture Notes,sent,2026-06-09 10:30:00,
60000409,100546,200243,2026-06-10 10:37:00,Business Dispatch,bounced,,
60000410,100117,200792,2026-06-11 06:50:00,Morning Briefing,sent,,
60000411,100507,200442,2026-06-12 07:03:00,Daily Edition,sent,,
60000412,100489,200117,2026-06-13 08:16:00,Weekend Reads,sent,2026-06-13 09:40:00,
60000413,100979,200643,2026-06-14 09:29:00,Culture Notes,sent,2026-06-14 09:56:00,
60000414,100698,200283,2026-06-15 10:42:00,Business Dispatch,bounced,,
60000415,100908,200709,2026-06-16 06:55:00,Morning Briefing,sent,2026-06-16 07:17:00,
60000416,100730,200080,2026-06-17 07:08:00,Daily Edition,sent,,
60000417,100333,200263,2026-06-18 08:21:00,Weekend Reads,sent,2026-06-18 09:32:00,2026-06-18 09:49:00
60000418,100062,200427,2026-06-19 09:34:00,Culture Notes,sent,2026-06-19 10:14:00,2026-06-19 10:51:00
60000419,100952,200271,2026-06-20 10:47:00,Business Dispatch,bounced,,
60000420,100723,200864,2026-06-21 06:00:00,Morning Briefing,sent,2026-06-21 07:49:00,2026-06-21 08:33:00
60000421,100687,200116,2026-06-22 07:13:00,Daily Edition,sent,2026-06-22 09:57:00,2026-06-22 10:21:00
60000422,100503,200129,2026-06-23 08:26:00,Weekend Reads,sent,2026-06-23 10:26:00,
60000423,100618,200103,2026-06-24 09:39:00,Culture Notes,sent,,
60000424,100693,200215,2026-06-25 10:52:00,Business Dispatch,bounced,,
60000425,100513,200585,2026-06-26 06:05:00,Morning Briefing,sent,2026-06-26 08:33:00,
60000426,100525,200565,2026-06-27 07:18:00,Daily Edition,sent,2026-06-27 08:03:00,
60000427,100557,200977,2026-06-28 08:31:00,Weekend Reads,sent,,
60000428,100330,200056,2026-06-29 09:44:00,Culture Notes,sent,2026-06-29 11:18:00,
60000429,100605,200359,2026-06-30 10:57:00,Business Dispatch,bounced,,
60000430,100811,200474,2026-07-01 06:10:00,Morning Briefing,sent,2026-07-01 06:36:00,
60000431,100117,200892,2026-07-02 07:23:00,Daily Edition,sent,2026-07-02 09:09:00,2026-07-02 09:22:00
60000432,100067,200179,2026-07-03 08:36:00,Weekend Reads,sent,,
60000433,100193,200621,2026-07-04 09:49:00,Culture Notes,sent,2026-07-04 11:55:00,
60000434,100297,200754,2026-07-05 10:02:00,Business Dispatch,bounced,,
60000435,100077,200181,2026-07-06 06:15:00,Morning Briefing,sent,2026-07-06 06:57:00,
60000436,100376,200405,2026-07-07 07:28:00,Daily Edition,sent,,
60000437,100996,200689,2026-07-08 08:41:00,Weekend Reads,sent,2026-07-08 10:18:00,2026-07-08 10:49:00
60000438,100812,200614,2026-07-09 09:54:00,Culture Notes,sent,,
60000439,100570,200352,2026-07-10 10:07:00,Business Dispatch,bounced,,
60000440,100896,200818,2026-07-11 06:20:00,Morning Briefing,sent,2026-07-11 07:29:00,
60000441,100230,200769,2026-07-12 07:33:00,Daily Edition,sent,,
60000442,100046,200376,2026-07-13 08:46:00,Weekend Reads,sent,2026-07-13 10:46:00,2026-07-13 11:20:00
60000443,100754,200627,2026-07-14 09:59:00,Culture Notes,sent,2026-07-14 10:51:00,2026-07-14 10:57:00
60000444,100287,200067,2026-07-15 10:12:00,Business Dispatch,bounced,,
60000445,100217,200694,2026-07-16 06:25:00,Morning Briefing,sent,2026-07-16 07:46:00,
60000446,100673,200915,2026-07-17 07:38:00,Daily Edition,sent,2026-07-17 09:44:00,
60000447,100591,200340,2026-07-18 08:51:00,Weekend Reads,sent,2026-07-18 10:47:00,
60000448,100808,200380,2026-07-19 09:04:00,Culture Notes,sent,2026-07-19 09:11:00,
60000449,100107,200869,2026-07-20 10:17:00,Business Dispatch,bounced,,
60000450,100246,200475,2026-06-01 06:30:00,Morning Briefing,sent,2026-06-01 09:03:00,
60000451,100844,200277,2026-06-02 07:43:00,Daily Edition,sent,2026-06-02 09:09:00,
60000452,100748,200814,2026-06-03 08:56:00,Weekend Reads,sent,2026-06-03 11:08:00,2026-06-03 11:16:00
60000453,100957,200295,2026-06-04 09:09:00,Culture Notes,sent,2026-06-04 10:21:00,
60000454,100924,200699,2026-06-05 10:22:00,Business Dispatch,bounced,,
60000455,100962,200452,2026-06-06 06:35:00,Morning Briefing,sent,2026-06-06 09:22:00,
60000456,100204,200636,2026-06-07 07:48:00,Daily Edition,sent,,
60000457,100607,200272,2026-06-08 08:01:00,Weekend Reads,sent,2026-06-08 09:53:00,2026-06-08 10:04:00
60000458,100217,200874,2026-06-09 09:14:00,Culture Notes,sent,,
60000459,100209,200907,2026-06-10 10:27:00,Business Dispatch,bounced,,
60000460,100397,200949,2026-06-11 06:40:00,Morning Briefing,sent,2026-06-11 06:48:00,
60000461,100924,200065,2026-06-12 07:53:00,Daily Edition,sent,2026-06-12 09:16:00,
60000462,100467,200311,2026-06-13 08:06:00,Weekend Reads,sent,2026-06-13 10:57:00,2026-06-13 11:24:00
60000463,100049,200747,2026-06-14 09:19:00,Culture Notes,sent,2026-06-14 11:42:00,
60000464,100412,200093,2026-06-15 10:32:00,Business Dispatch,bounced,,
60000465,100261,200556,2026-06-16 06:45:00,Morning Briefing,sent,2026-06-16 08:47:00,
60000466,100382,200868,2026-06-17 07:58:00,Daily Edition,sent,2026-06-17 10:21:00,
60000467,100392,200734,2026-06-18 08:11:00,Weekend Reads,sent,2026-06-18 11:10:00,
60000468,100204,200694,2026-06-19 09:24:00,Culture Notes,sent,2026-06-19 09:54:00,2026-06-19 10:01:00
60000469,100140,200673,2026-06-20 10:37:00,Business Dispatch,bounced,,
60000470,100904,200693,2026-06-21 06:50:00,Morning Briefing,sent,2026-06-21 07:21:00,
60000471,100661,200663,2026-06-22 07:03:00,Daily Edition,sent,2026-06-22 07:33:00,
60000472,100587,200297,2026-06-23 08:16:00,Weekend Reads,sent,2026-06-23 11:11:00,
60000473,100633,200658,2026-06-24 09:29:00,Culture Notes,sent,,
60000474,100569,200224,2026-06-25 10:42:00,Business Dispatch,bounced,,
60000475,100670,200085,2026-06-26 06:55:00,Morning Briefing,sent,,
60000476,100185,200945,2026-06-27 07:08:00,Daily Edition,sent,,
60000477,100932,200949,2026-06-28 08:21:00,Weekend Reads,sent,2026-06-28 10:11:00,2026-06-28 10:53:00
60000478,100742,200449,2026-06-29 09:34:00,Culture Notes,sent,2026-06-29 09:40:00,2026-06-29 09:55:00
60000479,100508,200064,2026-06-30 10:47:00,Business Dispatch,bounced,,
60000480,100934,200432,2026-07-01 06:00:00,Morning Briefing,sent,2026-07-01 07:23:00,2026-07-01 07:50:00
60000481,100180,200622,2026-07-02 07:13:00,Daily Edition,sent,,
60000482,100293,200368,2026-07-03 08:26:00,Weekend Reads,sent,,
60000483,100603,200567,2026-07-04 09:39:00,Culture Notes,sent,2026-07-04 11:56:00,2026-07-04 12:35:00
60000484,100463,200211,2026-07-05 10:52:00,Business Dispatch,bounced,,
60000485,100290,200650,2026-07-06 06:05:00,Morning Briefing,sent,2026-07-06 08:00:00,
60000486,100970,200665,2026-07-07 07:18:00,Daily Edition,sent,,
60000487,100277,200927,2026-07-08 08:31:00,Weekend Reads,sent,2026-07-08 11:03:00,
60000488,100658,200818,2026-07-09 09:44:00,Culture Notes,sent,2026-07-09 10:33:00,
60000489,100506,200749,2026-07-10 10:57:00,Business Dispatch,bounced,,
60000490,100076,200127,2026-07-11 06:10:00,Morning Briefing,sent,,
60000491,100487,200974,2026-07-12 07:23:00,Daily Edition,sent,,
60000492,100309,200607,2026-07-13 08:36:00,Weekend Reads,sent,2026-07-13 10:21:00,2026-07-13 11:02:00
60000493,100483,200449,2026-07-14 09:49:00,Culture Notes,sent,2026-07-14 10:34:00,2026-07-14 10:48:00
60000494,100425,200814,2026-07-15 10:02:00,Business Dispatch,bounced,,
60000495,100192,200987,2026-07-16 06:15:00,Morning Briefing,sent,,
60000496,100047,200109,2026-07-17 07:28:00,Daily Edition,sent,,
60000497,100457,200158,2026-07-18 08:41:00,Weekend Reads,sent,2026-07-18 09:06:00,
60000498,100233,200785,2026-07-19 09:54:00,Culture Notes,sent,2026-07-19 11:55:00,
60000499,100645,200677,2026-07-20 10:07:00,Business Dispatch,bounced,,
60000500,100007,200297,2026-06-01 06:20:00,Morning Briefing,sent,2026-06-01 07:21:00,
60000501,100268,200276,2026-06-02 07:33:00,Daily Edition,sent,,
60000502,100768,200555,2026-06-03 08:46:00,Weekend Reads,sent,2026-06-03 09:57:00,
60000503,100085,200363,2026-06-04 09:59:00,Culture Notes,sent,2026-06-04 12:44:00,
60000504,100614,200610,2026-06-05 10:12:00,Business Dispatch,bounced,,
60000505,100665,200799,2026-06-06 06:25:00,Morning Briefing,sent,2026-06-06 09:02:00,
60000506,100715,200618,2026-06-07 07:38:00,Daily Edition,sent,,
60000507,100400,200906,2026-06-08 08:51:00,Weekend Reads,sent,,
60000508,100049,200355,2026-06-09 09:04:00,Culture Notes,sent,2026-06-09 10:02:00,
60000509,100586,200985,2026-06-10 10:17:00,Business Dispatch,bounced,,
60000510,100551,200207,2026-06-11 06:30:00,Morning Briefing,sent,,
60000511,100283,200009,2026-06-12 07:43:00,Daily Edition,sent,,
60000512,100052,200420,2026-06-13 08:56:00,Weekend Reads,sent,2026-06-13 10:21:00,
60000513,100913,200624,2026-06-14 09:09:00,Culture Notes,sent,,
60000514,100538,200809,2026-06-15 10:22:00,Business Dispatch,bounced,,
60000515,100662,200760,2026-06-16 06:35:00,Morning Briefing,sent,2026-06-16 09:21:00,
60000516,100263,200259,2026-06-17 07:48:00,Daily Edition,sent,2026-06-17 09:21:00,
60000517,100912,200606,2026-06-18 08:01:00,Weekend Reads,sent,2026-06-18 08:46:00,
60000518,100277,200709,2026-06-19 09:14:00,Culture Notes,sent,,
60000519,100216,200715,2026-06-20 10:27:00,Business Dispatch,bounced,,
60000520,100052,200822,2026-06-21 06:40:00,Morning Briefing,sent,2026-06-21 07:24:00,
60000521,100921,200803,2026-06-22 07:53:00,Daily Edition,sent,2026-06-22 08:05:00,
60000522,100194,200935,2026-06-23 08:06:00,Weekend Reads,sent,2026-06-23 08:43:00,
60000523,100013,200214,2026-06-24 09:19:00,Culture Notes,sent,2026-06-24 10:53:00,2026-06-24 11:35:00
60000524,100486,200577,2026-06-25 10:32:00,Business Dispatch,bounced,,
60000525,100996,200947,2026-06-26 06:45:00,Morning Briefing,sent,2026-06-26 09:01:00,2026-06-26 09:14:00
60000526,100611,200683,2026-06-27 07:58:00,Daily Edition,sent,,
60000527,100568,200572,2026-06-28 08:11:00,Weekend Reads,sent,2026-06-28 09:56:00,
60000528,100210,200705,2026-06-29 09:24:00,Culture Notes,sent,2026-06-29 10:11:00,2026-06-29 10:43:00
60000529,100234,200247,2026-06-30 10:37:00,Business Dispatch,bounced,,
60000530,100905,200448,2026-07-01 06:50:00,Morning Briefing,sent,2026-07-01 08:04:00,2026-07-01 08:44:00
60000531,100182,200759,2026-07-02 07:03:00,Daily Edition,sent,2026-07-02 07:59:00,
60000532,100721,200895,2026-07-03 08:16:00,Weekend Reads,sent,2026-07-03 08:37:00,
60000533,100122,200484,2026-07-04 09:29:00,Culture Notes,sent,2026-07-04 10:38:00,
60000534,100679,200777,2026-07-05 10:42:00,Business Dispatch,bounced,,
60000535,100880,200009,2026-07-06 06:55:00,Morning Briefing,sent,2026-07-06 09:15:00,
60000536,100185,200344,2026-07-07 07:08:00,Daily Edition,sent,,
60000537,100086,200590,2026-07-08 08:21:00,Weekend Reads,sent,2026-07-08 09:57:00,
60000538,100892,200257,2026-07-09 09:34:00,Culture Notes,sent,2026-07-09 10:16:00,2026-07-09 10:24:00
60000539,100592,200963,2026-07-10 10:47:00,Business Dispatch,bounced,,
60000540,100713,200286,2026-07-11 06:00:00,Morning Briefing,sent,2026-07-11 06:59:00,
60000541,100200,200586,2026-07-12 07:13:00,Daily Edition,sent,2026-07-12 09:41:00,
60000542,100143,200088,2026-07-13 08:26:00,Weekend Reads,sent,,
60000543,100008,200583,2026-07-14 09:39:00,Culture Notes,sent,2026-07-14 12:19:00,2026-07-14 13:02:00
60000544,100857,200670,2026-07-15 10:52:00,Business Dispatch,bounced,,
60000545,100281,200224,2026-07-16 06:05:00,Morning Briefing,sent,2026-07-16 08:01:00,
60000546,100786,200540,2026-07-17 07:18:00,Daily Edition,sent,,
60000547,100103,200511,2026-07-18 08:31:00,Weekend Reads,sent,2026-07-18 09:46:00,
60000548,100321,200666,2026-07-19 09:44:00,Culture Notes,sent,,
60000549,100390,200316,2026-07-20 10:57:00,Business Dispatch,bounced,,
60000550,100811,200963,2026-06-01 06:10:00,Morning Briefing,sent,2026-06-01 07:27:00,
60000551,100154,200961,2026-06-02 07:23:00,Daily Edition,sent,2026-06-02 07:29:00,2026-06-02 07:48:00
60000552,100071,200458,2026-06-03 08:36:00,Weekend Reads,sent,2026-06-03 08:50:00,2026-06-03 09:24:00
60000553,100891,200947,2026-06-04 09:49:00,Culture Notes,sent,2026-06-04 10:11:00,
60000554,100478,200879,2026-06-05 10:02:00,Business Dispatch,bounced,,
60000555,100145,200721,2026-06-06 06:15:00,Morning Briefing,sent,2026-06-06 07:41:00,2026-06-06 08:07:00
60000556,100477,200470,2026-06-07 07:28:00,Daily Edition,sent,2026-06-07 09:39:00,
60000557,100742,200160,2026-06-08 08:41:00,Weekend Reads,sent,2026-06-08 10:42:00,
60000558,100126,200420,2026-06-09 09:54:00,Culture Notes,sent,2026-06-09 11:34:00,2026-06-09 11:41:00
60000559,100156,200041,2026-06-10 10:07:00,Business Dispatch,bounced,,
60000560,100226,200547,2026-06-11 06:20:00,Morning Briefing,sent,,
60000561,100220,200425,2026-06-12 07:33:00,Daily Edition,sent,2026-06-12 09:29:00,
60000562,100146,200191,2026-06-13 08:46:00,Weekend Reads,sent,2026-06-13 10:25:00,2026-06-13 11:00:00
60000563,100955,200300,2026-06-14 09:59:00,Culture Notes,sent,2026-06-14 10:17:00,
60000564,100276,200318,2026-06-15 10:12:00,Business Dispatch,bounced,,
60000565,100878,200909,2026-06-16 06:25:00,Morning Briefing,sent,2026-06-16 06:49:00,
60000566,100359,200234,2026-06-17 07:38:00,Daily Edition,sent,2026-06-17 09:20:00,
60000567,100667,200430,2026-06-18 08:51:00,Weekend Reads,sent,,
60000568,100083,200472,2026-06-19 09:04:00,Culture Notes,sent,,
60000569,100989,200932,2026-06-20 10:17:00,Business Dispatch,bounced,,
60000570,100913,200472,2026-06-21 06:30:00,Morning Briefing,sent,2026-06-21 08:20:00,
60000571,100917,200861,2026-06-22 07:43:00,Daily Edition,sent,2026-06-22 08:49:00,
60000572,100482,200467,2026-06-23 08:56:00,Weekend Reads,sent,2026-06-23 10:23:00,2026-06-23 10:54:00
60000573,100565,200106,2026-06-24 09:09:00,Culture Notes,sent,,
60000574,100357,200760,2026-06-25 10:22:00,Business Dispatch,bounced,,
60000575,100030,200280,2026-06-26 06:35:00,Morning Briefing,sent,2026-06-26 07:42:00,
60000576,100374,200501,2026-06-27 07:48:00,Daily Edition,sent,,
60000577,100992,200659,2026-06-28 08:01:00,Weekend Reads,sent,2026-06-28 08:21:00,
60000578,100424,200799,2026-06-29 09:14:00,Culture Notes,sent,2026-06-29 10:57:00,
60000579,100541,200289,2026-06-30 10:27:00,Business Dispatch,bounced,,
60000580,100659,200247,2026-07-01 06:40:00,Morning Briefing,sent,2026-07-01 09:00:00,
60000581,100212,2006,2026-07-02 07:53:00,Daily Edition,sent,2026-07-02 09:54:00,
60000582,100494,200727,2026-07-03 08:06:00,Weekend Reads,sent,,
60000583,100897,200723,2026-07-04 09:19:00,Culture Notes,sent,2026-07-04 11:02:00,2026-07-04 11:42:00
60000584,100175,200938,2026-07-05 10:32:00,Business Dispatch,bounced,,
60000585,100678,200975,2026-07-06 06:45:00,Morning Briefing,sent,,
60000586,100719,200521,2026-07-07 07:58:00,Daily Edition,sent,,
60000587,100888,200457,2026-07-08 08:11:00,Weekend Reads,sent,2026-07-08 11:01:00,
60000588,100539,200827,2026-07-09 09:24:00,Culture Notes,sent,,
60000589,100454,200501,2026-07-10 10:37:00,Business Dispatch,bounced,,
60000590,100120,200142,2026-07-11 06:50:00,Morning Briefing,sent,2026-07-11 08:03:00,
60000591,100017,200706,2026-07-12 07:03:00,Daily Edition,sent,2026-07-12 08:15:00,
60000592,100985,200066,2026-07-13 08:16:00,Weekend Reads,sent,2026-07-13 09:15:00,
60000593,100860,200746,2026-07-14 09:29:00,Culture Notes,sent,2026-07-14 09:47:00,
60000594,100543,200315,2026-07-15 10:42:00,Business Dispatch,bounced,,
60000595,100697,200076,2026-07-16 06:55:00,Morning Briefing,sent,2026-07-16 08:48:00,
60000596,100797,200219,2026-07-17 07:08:00,Daily Edition,sent,,
60000597,100217,200749,2026-07-18 08:21:00,Weekend Reads,sent,2026-07-18 10:38:00,
60000598,100591,200619,2026-07-19 09:34:00,Culture Notes,sent,2026-07-19 10:07:00,
60000599,100584,200305,2026-07-20 10:47:00,Business Dispatch,bounced,,
60000600,100626,200273,2026-06-01 06:00:00,Morning Briefing,sent,,
60000601,100801,200645,2026-06-02 07:13:00,Daily Edition,sent,,
60000602,100684,200988,2026-06-03 08:26:00,Weekend Reads,sent,2026-06-03 10:14:00,
60000603,100767,200572,2026-06-04 09:39:00,Culture Notes,sent,2026-06-04 10:52:00,
60000604,100811,200136,2026-06-05 10:52:00,Business Dispatch,bounced,,
60000605,100617,200898,2026-06-06 06:05:00,Morning Briefing,sent,2026-06-06 08:42:00,
60000606,100548,200524,2026-06-07 07:18:00,Daily Edition,sent,,
60000607,100880,2002,2026-06-08 08:31:00,Weekend Reads,sent,2026-06-08 09:54:00,2026-06-08 10:39:00
60000608,100987,200754,2026-06-09 09:44:00,Culture Notes,sent,2026-06-09 10:06:00,
60000609,100118,200999,2026-06-10 10:57:00,Business Dispatch,bounced,,
60000610,100005,200888,2026-06-11 06:10:00,Morning Briefing,sent,2026-06-11 09:05:00,
60000611,100950,200774,2026-06-12 07:23:00,Daily Edition,sent,,
60000612,100380,200663,2026-06-13 08:36:00,Weekend Reads,sent,,
60000613,100181,200495,2026-06-14 09:49:00,Culture Notes,sent,2026-06-14 12:26:00,
60000614,100714,200411,2026-06-15 10:02:00,Business Dispatch,bounced,,
60000615,100556,200949,2026-06-16 06:15:00,Morning Briefing,sent,2026-06-16 08:20:00,
60000616,100244,200108,2026-06-17 07:28:00,Daily Edition,sent,2026-06-17 08:47:00,2026-06-17 09:21:00
60000617,100563,200703,2026-06-18 08:41:00,Weekend Reads,sent,2026-06-18 09:10:00,
60000618,100014,200642,2026-06-19 09:54:00,Culture Notes,sent,2026-06-19 12:04:00,2026-06-19 12:39:00
60000619,100260,200235,2026-06-20 10:07:00,Business Dispatch,bounced,,
60000620,100500,200330,2026-06-21 06:20:00,Morning Briefing,sent,2026-06-21 06:28:00,2026-06-21 06:48:00
60000621,100279,200117,2026-06-22 07:33:00,Daily Edition,sent,2026-06-22 10:27:00,2026-06-22 11:06:00
60000622,100326,200760,2026-06-23 08:46:00,Weekend Reads,sent,,
60000623,100481,200173,2026-06-24 09:59:00,Culture Notes,sent,2026-06-24 10:41:00,2026-06-24 10:56:00
60000624,100182,200550,2026-06-25 10:12:00,Business Dispatch,bounced,,
60000625,100419,200812,2026-06-26 06:25:00,Morning Briefing,sent,,
60000626,100601,200158,2026-06-27 07:38:00,Daily Edition,sent,2026-06-27 09:33:00,
60000627,100827,200466,2026-06-28 08:51:00,Weekend Reads,sent,,
60000628,100418,200005,2026-06-29 09:04:00,Culture Notes,sent,2026-06-29 10:19:00,2026-06-29 11:03:00
60000629,100806,200566,2026-06-30 10:17:00,Business Dispatch,bounced,,
60000630,100815,200814,2026-07-01 06:30:00,Morning Briefing,sent,2026-07-01 08:49:00,
60000631,100321,200091,2026-07-02 07:43:00,Daily Edition,sent,2026-07-02 09:12:00,
60000632,100498,200677,2026-07-03 08:56:00,Weekend Reads,sent,2026-07-03 10:20:00,
60000633,100730,200623,2026-07-04 09:09:00,Culture Notes,sent,2026-07-04 11:50:00,
60000634,100507,200154,2026-07-05 10:22:00,Business Dispatch,bounced,,
60000635,100930,200192,2026-07-06 06:35:00,Morning Briefing,sent,2026-07-06 08:08:00,
60000636,100646,200350,2026-07-07 07:48:00,Daily Edition,sent,2026-07-07 10:48:00,
60000637,100640,200376,2026-07-08 08:01:00,Weekend Reads,sent,2026-07-08 09:20:00,
60000638,100272,200238,2026-07-09 09:14:00,Culture Notes,sent,2026-07-09 10:32:00,
60000639,100446,200277,2026-07-10 10:27:00,Business Dispatch,bounced,,
60000640,100838,200856,2026-07-11 06:40:00,Morning Briefing,sent,,
60000641,100504,200575,2026-07-12 07:53:00,Daily Edition,sent,,
60000642,100375,200951,2026-07-13 08:06:00,Weekend Reads,sent,,
60000643,100384,200179,2026-07-14 09:19:00,Culture Notes,sent,2026-07-14 09:36:00,
60000644,100327,200097,2026-07-15 10:32:00,Business Dispatch,bounced,,
60000645,100206,200282,2026-07-16 06:45:00,Morning Briefing,sent,2026-07-16 09:40:00,2026-07-16 10:16:00
60000646,100336,200473,2026-07-17 07:58:00,Daily Edition,sent,,
60000647,100004,200422,2026-07-18 08:11:00,Weekend Reads,sent,2026-07-18 09:06:00,
60000648,100444,200607,2026-07-19 09:24:00,Culture Notes,sent,2026-07-19 09:37:00,
60000649,100923,200052,2026-07-20 10:37:00,Business Dispatch,bounced,,
60000650,100022,200479,2026-06-01 06:50:00,Morning Briefing,sent,2026-06-01 08:43:00,
60000651,100291,200969,2026-06-02 07:03:00,Daily Edition,sent,2026-06-02 08:25:00,
60000652,100824,200183,2026-06-03 08:16:00,Weekend Reads,sent,2026-06-03 09:43:00,2026-06-03 09:52:00
60000653,100274,200844,2026-06-04 09:29:00,Culture Notes,sent,,
60000654,100714,200635,2026-06-05 10:42:00,Business Dispatch,bounced,,
60000655,100101,200079,2026-06-06 06:55:00,Morning Briefing,sent,2026-06-06 07:21:00,
60000656,100059,200302,2026-06-07 07:08:00,Daily Edition,sent,2026-06-07 07:59:00,
60000657,100890,200790,2026-06-08 08:21:00,Weekend Reads,sent,2026-06-08 09:01:00,
60000658,100553,200920,2026-06-09 09:34:00,Culture Notes,sent,2026-06-09 12:34:00,2026-06-09 13:04:00
60000659,100679,200926,2026-06-10 10:47:00,Business Dispatch,bounced,,
60000660,100785,200536,2026-06-11 06:00:00,Morning Briefing,sent,2026-06-11 08:03:00,
60000661,100367,200143,2026-06-12 07:13:00,Daily Edition,sent,2026-06-12 09:05:00,
60000662,100617,200665,2026-06-13 08:26:00,Weekend Reads,sent,2026-06-13 09:33:00,
60000663,100013,200405,2026-06-14 09:39:00,Culture Notes,sent,2026-06-14 12:08:00,2026-06-14 12:12:00
60000664,100659,200689,2026-06-15 10:52:00,Business Dispatch,bounced,,
60000665,100043,200461,2026-06-16 06:05:00,Morning Briefing,sent,2026-06-16 06:11:00,
60000666,100555,200428,2026-06-17 07:18:00,Daily Edition,sent,2026-06-17 07:36:00,
60000667,100389,200433,2026-06-18 08:31:00,Weekend Reads,sent,2026-06-18 09:03:00,
60000668,100425,200363,2026-06-19 09:44:00,Culture Notes,sent,2026-06-19 11:52:00,2026-06-19 11:56:00
60000669,100910,200308,2026-06-20 10:57:00,Business Dispatch,bounced,,
60000670,100470,200206,2026-06-21 06:10:00,Morning Briefing,sent,2026-06-21 06:28:00,2026-06-21 07:02:00
60000671,100244,200335,2026-06-22 07:23:00,Daily Edition,sent,2026-06-22 09:34:00,
60000672,100663,200393,2026-06-23 08:36:00,Weekend Reads,sent,2026-06-23 09:20:00,
60000673,100054,200883,2026-06-24 09:49:00,Culture Notes,sent,2026-06-24 09:55:00,2026-06-24 10:35:00
60000674,100484,200759,2026-06-25 10:02:00,Business Dispatch,bounced,,
60000675,100996,200597,2026-06-26 06:15:00,Morning Briefing,sent,,
60000676,100488,200970,2026-06-27 07:28:00,Daily Edition,sent,,
60000677,100885,200755,2026-06-28 08:41:00,Weekend Reads,sent,,
60000678,100353,200867,2026-06-29 09:54:00,Culture Notes,sent,2026-06-29 11:52:00,
60000679,100729,200162,2026-06-30 10:07:00,Business Dispatch,bounced,,
60000680,100699,200602,2026-07-01 06:20:00,Morning Briefing,sent,2026-07-01 07:12:00,2026-07-01 07:47:00
60000681,100570,200216,2026-07-02 07:33:00,Daily Edition,sent,2026-07-02 09:30:00,2026-07-02 10:10:00
60000682,100477,200984,2026-07-03 08:46:00,Weekend Reads,sent,,
60000683,100222,200473,2026-07-04 09:59:00,Culture Notes,sent,,
60000684,100723,200995,2026-07-05 10:12:00,Business Dispatch,bounced,,
60000685,100979,200122,2026-07-06 06:25:00,Morning Briefing,sent,2026-07-06 08:49:00,
60000686,100875,200522,2026-07-07 07:38:00,Daily Edition,sent,2026-07-07 08:08:00,2026-07-07 08:40:00
60000687,100905,200566,2026-07-08 08:51:00,Weekend Reads,sent,,
60000688,100956,200016,2026-07-09 09:04:00,Culture Notes,sent,2026-07-09 11:07:00,
60000689,100560,200168,2026-07-10 10:17:00,Business Dispatch,bounced,,
60000690,100131,200201,2026-07-11 06:30:00,Morning Briefing,sent,2026-07-11 08:59:00,
60000691,100214,200818,2026-07-12 07:43:00,Daily Edition,sent,,
60000692,100487,200280,2026-07-13 08:56:00,Weekend Reads,sent,2026-07-13 10:54:00,
60000693,100859,200947,2026-07-14 09:09:00,Culture Notes,sent,2026-07-14 11:13:00,2026-07-14 11:43:00
60000694,100586,200105,2026-07-15 10:22:00,Business Dispatch,bounced,,
60000695,100516,200679,2026-07-16 06:35:00,Morning Briefing,sent,2026-07-16 08:48:00,
60000696,100274,200124,2026-07-17 07:48:00,Daily Edition,sent,2026-07-17 10:04:00,
60000697,100346,200861,2026-07-18 08:01:00,Weekend Reads,sent,2026-07-18 10:30:00,
60000698,100941,200940,2026-07-19 09:14:00,Culture Notes,sent,2026-07-19 10:30:00,2026-07-19 11:13:00
60000699,100039,200077,2026-07-20 10:27:00,Business Dispatch,bounced,,
60000700,100632,200504,2026-06-01 06:40:00,Morning Briefing,sent,2026-06-01 09:30:00,
60000701,100607,200553,2026-06-02 07:53:00,Daily Edition,sent,2026-06-02 08:44:00,
60000702,100383,200378,2026-06-03 08:06:00,Weekend Reads,sent,2026-06-03 10:25:00,
60000703,100312,200909,2026-06-04 09:19:00,Culture Notes,sent,2026-06-04 11:52:00,
60000704,100104,200142,2026-06-05 10:32:00,Business Dispatch,bounced,,
60000705,100574,200836,2026-06-06 06:45:00,Morning Briefing,sent,,
60000706,100817,200780,2026-06-07 07:58:00,Daily Edition,sent,,
60000707,100680,200807,2026-06-08 08:11:00,Weekend Reads,sent,,
60000708,100848,200038,2026-06-09 09:24:00,Culture Notes,sent,2026-06-09 10:28:00,2026-06-09 10:44:00
60000709,100647,200316,2026-06-10 10:37:00,Business Dispatch,bounced,,
60000710,100701,200216,2026-06-11 06:50:00,Morning Briefing,sent,2026-06-11 08:33:00,2026-06-11 09:00:00
60000711,100024,200281,2026-06-12 07:03:00,Daily Edition,sent,,
60000712,100546,200251,2026-06-13 08:16:00,Weekend Reads,sent,,
60000713,100650,200220,2026-06-14 09:29:00,Culture Notes,sent,2026-06-14 11:09:00,
60000714,100746,200381,2026-06-15 10:42:00,Business Dispatch,bounced,,
60000715,100464,200803,2026-06-16 06:55:00,Morning Briefing,sent,2026-06-16 08:55:00,
60000716,100271,200924,2026-06-17 07:08:00,Daily Edition,sent,2026-06-17 08:03:00,
60000717,100667,200783,2026-06-18 08:21:00,Weekend Reads,sent,2026-06-18 09:17:00,2026-06-18 09:45:00
60000718,100875,200899,2026-06-19 09:34:00,Culture Notes,sent,2026-06-19 10:28:00,
60000719,100838,200952,2026-06-20 10:47:00,Business Dispatch,bounced,,
60000720,100907,200102,2026-06-21 06:00:00,Morning Briefing,sent,,
60000721,100889,200662,2026-06-22 07:13:00,Daily Edition,sent,,
60000722,100968,200655,2026-06-23 08:26:00,Weekend Reads,sent,2026-06-23 10:56:00,
60000723,100647,200292,2026-06-24 09:39:00,Culture Notes,sent,,
60000724,100843,200070,2026-06-25 10:52:00,Business Dispatch,bounced,,
60000725,100134,200930,2026-06-26 06:05:00,Morning Briefing,sent,2026-06-26 08:17:00,
60000726,100566,200272,2026-06-27 07:18:00,Daily Edition,sent,2026-06-27 09:31:00,
60000727,100381,200004,2026-06-28 08:31:00,Weekend Reads,sent,2026-06-28 09:11:00,2026-06-28 09:40:00
60000728,100085,200178,2026-06-29 09:44:00,Culture Notes,sent,2026-06-29 10:07:00,
60000729,100495,200703,2026-06-30 10:57:00,Business Dispatch,bounced,,
60000730,100487,200647,2026-07-01 06:10:00,Morning Briefing,sent,,
60000731,100541,200762,2026-07-02 07:23:00,Daily Edition,sent,,
60000732,100840,200392,2026-07-03 08:36:00,Weekend Reads,sent,,
60000733,100376,200519,2026-07-04 09:49:00,Culture Notes,sent,2026-07-04 10:58:00,
60000734,100914,200347,2026-07-05 10:02:00,Business Dispatch,bounced,,
60000735,100326,200552,2026-07-06 06:15:00,Morning Briefing,sent,,
60000736,100555,200808,2026-07-07 07:28:00,Daily Edition,sent,2026-07-07 08:34:00,2026-07-07 09:14:00
60000737,100967,200615,2026-07-08 08:41:00,Weekend Reads,sent,2026-07-08 09:00:00,
60000738,100098,200861,2026-07-09 09:54:00,Culture Notes,sent,2026-07-09 11:06:00,
60000739,100507,200795,2026-07-10 10:07:00,Business Dispatch,bounced,,
60000740,100996,200316,2026-07-11 06:20:00,Morning Briefing,sent,,
60000741,100307,200106,2026-07-12 07:33:00,Daily Edition,sent,,
60000742,100037,200458,2026-07-13 08:46:00,Weekend Reads,sent,2026-07-13 10:15:00,2026-07-13 10:58:00
60000743,100625,200654,2026-07-14 09:59:00,Culture Notes,sent,,
60000744,100955,200555,2026-07-15 10:12:00,Business Dispatch,bounced,,
60000745,100496,200602,2026-07-16 06:25:00,Morning Briefing,sent,2026-07-16 09:06:00,2026-07-16 09:09:00
60000746,100579,200223,2026-07-17 07:38:00,Daily Edition,sent,,
60000747,100127,200764,2026-07-18 08:51:00,Weekend Reads,sent,2026-07-18 09:16:00,2026-07-18 09:47:00
60000748,100217,200751,2026-07-19 09:04:00,Culture Notes,sent,,
60000749,100222,200158,2026-07-20 10:17:00,Business Dispatch,bounced,,
60000750,100686,200981,2026-06-01 06:30:00,Morning Briefing,sent,2026-06-01 09:21:00,
60000751,100264,200710,2026-06-02 07:43:00,Daily Edition,sent,2026-06-02 08:46:00,
60000752,100093,200077,2026-06-03 08:56:00,Weekend Reads,sent,2026-06-03 09:51:00,
60000753,100283,200098,2026-06-04 09:09:00,Culture Notes,sent,2026-06-04 09:18:00,
60000754,100019,200101,2026-06-05 10:22:00,Business Dispatch,bounced,,
60000755,100393,200854,2026-06-06 06:35:00,Morning Briefing,sent,2026-06-06 08:30:00,2026-06-06 09:06:00
60000756,100623,200947,2026-06-07 07:48:00,Daily Edition,sent,2026-06-07 10:30:00,2026-06-07 10:54:00
60000757,100368,200356,2026-06-08 08:01:00,Weekend Reads,sent,2026-06-08 08:20:00,
60000758,100707,200532,2026-06-09 09:14:00,Culture Notes,sent,,
60000759,100060,200689,2026-06-10 10:27:00,Business Dispatch,bounced,,
60000760,100122,200816,2026-06-11 06:40:00,Morning Briefing,sent,2026-06-11 09:02:00,
60000761,100376,200943,2026-06-12 07:53:00,Daily Edition,sent,2026-06-12 09:01:00,2026-06-12 09:06:00
60000762,100687,200435,2026-06-13 08:06:00,Weekend Reads,sent,2026-06-13 09:23:00,
60000763,100960,200239,2026-06-14 09:19:00,Culture Notes,sent,2026-06-14 10:26:00,2026-06-14 10:35:00
60000764,100841,200518,2026-06-15 10:32:00,Business Dispatch,bounced,,
60000765,100440,200944,2026-06-16 06:45:00,Morning Briefing,sent,,
60000766,100929,200081,2026-06-17 07:58:00,Daily Edition,sent,,
60000767,100838,200614,2026-06-18 08:11:00,Weekend Reads,sent,2026-06-18 09:47:00,2026-06-18 10:02:00
60000768,100278,200566,2026-06-19 09:24:00,Culture Notes,sent,2026-06-19 11:02:00,2026-06-19 11:21:00
60000769,100656,200449,2026-06-20 10:37:00,Business Dispatch,bounced,,
60000770,100523,200986,2026-06-21 06:50:00,Morning Briefing,sent,2026-06-21 08:16:00,2026-06-21 08:49:00
60000771,100925,200222,2026-06-22 07:03:00,Daily Edition,sent,2026-06-22 08:53:00,2026-06-22 09:33:00
60000772,100366,200089,2026-06-23 08:16:00,Weekend Reads,sent,,
60000773,100203,200528,2026-06-24 09:29:00,Culture Notes,sent,2026-06-24 11:47:00,
60000774,100676,200100,2026-06-25 10:42:00,Business Dispatch,bounced,,
60000775,100712,200703,2026-06-26 06:55:00,Morning Briefing,sent,2026-06-26 07:36:00,
60000776,100993,200857,2026-06-27 07:08:00,Daily Edition,sent,2026-06-27 09:09:00,2026-06-27 09:11:00
60000777,100778,200616,2026-06-28 08:21:00,Weekend Reads,sent,,
60000778,100374,200651,2026-06-29 09:34:00,Culture Notes,sent,2026-06-29 10:00:00,
60000779,100909,200547,2026-06-30 10:47:00,Business Dispatch,bounced,,
60000780,100918,200446,2026-07-01 06:00:00,Morning Briefing,sent,,
60000781,100726,200741,2026-07-02 07:13:00,Daily Edition,sent,2026-07-02 08:15:00,
60000782,100581,200633,2026-07-03 08:26:00,Weekend Reads,sent,2026-07-03 08:44:00,
60000783,100498,200940,2026-07-04 09:39:00,Culture Notes,sent,2026-07-04 09:50:00,2026-07-04 10:12:00
60000784,100494,200373,2026-07-05 10:52:00,Business Dispatch,bounced,,
60000785,100610,200467,2026-07-06 06:05:00,Morning Briefing,sent,2026-07-06 08:41:00,
60000786,100024,200932,2026-07-07 07:18:00,Daily Edition,sent,2026-07-07 10:02:00,
60000787,1001,200111,2026-07-08 08:31:00,Weekend Reads,sent,2026-07-08 08:50:00,2026-07-08 09:26:00
60000788,100569,200704,2026-07-09 09:44:00,Culture Notes,sent,2026-07-09 12:42:00,
60000789,100094,200604,2026-07-10 10:57:00,Business Dispatch,bounced,,
60000790,100803,200158,2026-07-11 06:10:00,Morning Briefing,sent,2026-07-11 08:40:00,2026-07-11 08:57:00
60000791,100663,200483,2026-07-12 07:23:00,Daily Edition,sent,2026-07-12 08:28:00,
60000792,100914,200998,2026-07-13 08:36:00,Weekend Reads,sent,2026-07-13 09:51:00,
60000793,100709,200852,2026-07-14 09:49:00,Culture Notes,sent,2026-07-14 11:20:00,
60000794,100961,200605,2026-07-15 10:02:00,Business Dispatch,bounced,,
60000795,100948,200041,2026-07-16 06:15:00,Morning Briefing,sent,,
60000796,100011,200843,2026-07-17 07:28:00,Daily Edition,sent,2026-07-17 10:08:00,
60000797,100181,200291,2026-07-18 08:41:00,Weekend Reads,sent,2026-07-18 09:53:00,2026-07-18 10:22:00
60000798,100086,200778,2026-07-19 09:54:00,Culture Notes,sent,2026-07-19 11:58:00,
60000799,100383,200156,2026-07-20 10:07:00,Business Dispatch,bounced,,
60000800,100702,200394,2026-06-01 06:20:00,Morning Briefing,sent,2026-06-01 08:09:00,
60000801,100376,200890,2026-06-02 07:33:00,Daily Edition,sent,,
60000802,100027,200115,2026-06-03 08:46:00,Weekend Reads,sent,2026-06-03 09:07:00,
60000803,100006,200997,2026-06-04 09:59:00,Culture Notes,sent,2026-06-04 11:10:00,2026-06-04 11:19:00
60000804,100969,200515,2026-06-05 10:12:00,Business Dispatch,bounced,,
60000805,100919,200040,2026-06-06 06:25:00,Morning Briefing,sent,2026-06-06 09:17:00,
60000806,100507,200909,2026-06-07 07:38:00,Daily Edition,sent,,
60000807,100384,200130,2026-06-08 08:51:00,Weekend Reads,sent,2026-06-08 11:24:00,
60000808,100803,200140,2026-06-09 09:04:00,Culture Notes,sent,,
60000809,100105,200420,2026-06-10 10:17:00,Business Dispatch,bounced,,
60000810,100545,200300,2026-06-11 06:30:00,Morning Briefing,sent,,
60000811,100913,200062,2026-06-12 07:43:00,Daily Edition,sent,2026-06-12 09:18:00,
60000812,100990,200548,2026-06-13 08:56:00,Weekend Reads,sent,,
60000813,100126,200690,2026-06-14 09:09:00,Culture Notes,sent,2026-06-14 09:42:00,
60000814,100228,200071,2026-06-15 10:22:00,Business Dispatch,bounced,,
60000815,100563,200944,2026-06-16 06:35:00,Morning Briefing,sent,2026-06-16 09:34:00,
60000816,100538,200320,2026-06-17 07:48:00,Daily Edition,sent,2026-06-17 08:29:00,
60000817,100409,200491,2026-06-18 08:01:00,Weekend Reads,sent,2026-06-18 09:50:00,2026-06-18 10:14:00
60000818,100316,200592,2026-06-19 09:14:00,Culture Notes,sent,2026-06-19 11:58:00,
60000819,100247,200504,2026-06-20 10:27:00,Business Dispatch,bounced,,
60000820,100566,200599,2026-06-21 06:40:00,Morning Briefing,sent,,
60000821,100188,200405,2026-06-22 07:53:00,Daily Edition,sent,,
60000822,100945,200819,2026-06-23 08:06:00,Weekend Reads,sent,2026-06-23 10:21:00,2026-06-23 10:44:00
60000823,100737,200765,2026-06-24 09:19:00,Culture Notes,sent,2026-06-24 11:53:00,
60000824,100395,200397,2026-06-25 10:32:00,Business Dispatch,bounced,,
60000825,100594,200145,2026-06-26 06:45:00,Morning Briefing,sent,2026-06-26 07:10:00,2026-06-26 07:25:00
60000826,100455,200194,2026-06-27 07:58:00,Daily Edition,sent,2026-06-27 10:44:00,
60000827,100521,200331,2026-06-28 08:11:00,Weekend Reads,sent,2026-06-28 10:31:00,2026-06-28 11:10:00
60000828,100248,200525,2026-06-29 09:24:00,Culture Notes,sent,2026-06-29 11:21:00,
60000829,100649,200990,2026-06-30 10:37:00,Business Dispatch,bounced,,
60000830,100857,200695,2026-07-01 06:50:00,Morning Briefing,sent,2026-07-01 08:19:00,
60000831,100071,200834,2026-07-02 07:03:00,Daily Edition,sent,2026-07-02 09:04:00,
60000832,100463,200810,2026-07-03 08:16:00,Weekend Reads,sent,2026-07-03 10:14:00,2026-07-03 10:41:00
60000833,100474,200403,2026-07-04 09:29:00,Culture Notes,sent,2026-07-04 11:43:00,
60000834,100610,200366,2026-07-05 10:42:00,Business Dispatch,bounced,,
60000835,100931,200188,2026-07-06 06:55:00,Morning Briefing,sent,,
60000836,100984,200619,2026-07-07 07:08:00,Daily Edition,sent,,
60000837,100073,200203,2026-07-08 08:21:00,Weekend Reads,sent,2026-07-08 10:43:00,
60000838,100425,200613,2026-07-09 09:34:00,Culture Notes,sent,2026-07-09 12:29:00,
60000839,100463,200161,2026-07-10 10:47:00,Business Dispatch,bounced,,
60000840,100698,200831,2026-07-11 06:00:00,Morning Briefing,sent,2026-07-11 06:25:00,
60000841,100698,200485,2026-07-12 07:13:00,Daily Edition,sent,,
60000842,100218,200021,2026-07-13 08:26:00,Weekend Reads,sent,2026-07-13 09:21:00,2026-07-13 09:51:00
60000843,100483,200647,2026-07-14 09:39:00,Culture Notes,sent,,
60000844,100792,200605,2026-07-15 10:52:00,Business Dispatch,bounced,,
60000845,100270,200743,2026-07-16 06:05:00,Morning Briefing,sent,2026-07-16 06:35:00,
60000846,100774,200790,2026-07-17 07:18:00,Daily Edition,sent,2026-07-17 08:05:00,2026-07-17 08:14:00
60000847,100388,200327,2026-07-18 08:31:00,Weekend Reads,sent,2026-07-18 10:15:00,2026-07-18 10:38:00
60000848,100613,200847,2026-07-19 09:44:00,Culture Notes,sent,2026-07-19 10:50:00,2026-07-19 10:58:00
60000849,100118,200861,2026-07-20 10:57:00,Business Dispatch,bounced,,
60000850,100024,200001,2026-06-01 06:10:00,Morning Briefing,sent,2026-06-01 08:50:00,
60000851,100238,200331,2026-06-02 07:23:00,Daily Edition,sent,,
60000852,100065,200835,2026-06-03 08:36:00,Weekend Reads,sent,2026-06-03 10:25:00,
60000853,100059,200778,2026-06-04 09:49:00,Culture Notes,sent,2026-06-04 11:56:00,2026-06-04 12:08:00
60000854,100938,200945,2026-06-05 10:02:00,Business Dispatch,bounced,,
60000855,100257,200027,2026-06-06 06:15:00,Morning Briefing,sent,2026-06-06 08:30:00,
60000856,100821,200421,2026-06-07 07:28:00,Daily Edition,sent,2026-06-07 09:07:00,
60000857,100970,200332,2026-06-08 08:41:00,Weekend Reads,sent,2026-06-08 09:31:00,
60000858,100884,200408,2026-06-09 09:54:00,Culture Notes,sent,2026-06-09 10:23:00,
60000859,100439,200649,2026-06-10 10:07:00,Business Dispatch,bounced,,
60000860,100259,200027,2026-06-11 06:20:00,Morning Briefing,sent,2026-06-11 08:39:00,
60000861,100181,200280,2026-06-12 07:33:00,Daily Edition,sent,2026-06-12 09:00:00,
60000862,100863,200642,2026-06-13 08:46:00,Weekend Reads,sent,2026-06-13 09:01:00,2026-06-13 09:15:00
60000863,100328,200754,2026-06-14 09:59:00,Culture Notes,sent,,
60000864,100766,200238,2026-06-15 10:12:00,Business Dispatch,bounced,,
60000865,100736,200648,2026-06-16 06:25:00,Morning Briefing,sent,2026-06-16 07:12:00,
60000866,100400,200428,2026-06-17 07:38:00,Daily Edition,sent,2026-06-17 08:26:00,
60000867,100763,200320,2026-06-18 08:51:00,Weekend Reads,sent,2026-06-18 09:23:00,2026-06-18 10:06:00
60000868,100048,200039,2026-06-19 09:04:00,Culture Notes,sent,,
60000869,100014,200974,2026-06-20 10:17:00,Business Dispatch,bounced,,
60000870,100117,200131,2026-06-21 06:30:00,Morning Briefing,sent,,
60000871,100428,200780,2026-06-22 07:43:00,Daily Edition,sent,,
60000872,100379,200075,2026-06-23 08:56:00,Weekend Reads,sent,2026-06-23 09:50:00,
60000873,100752,200542,2026-06-24 09:09:00,Culture Notes,sent,,
60000874,100513,200229,2026-06-25 10:22:00,Business Dispatch,bounced,,
60000875,100410,200744,2026-06-26 06:35:00,Morning Briefing,sent,2026-06-26 08:33:00,
60000876,100026,200195,2026-06-27 07:48:00,Daily Edition,sent,2026-06-27 08:21:00,2026-06-27 08:29:00
60000877,100728,200591,2026-06-28 08:01:00,Weekend Reads,sent,2026-06-28 09:13:00,
60000878,100355,200123,2026-06-29 09:14:00,Culture Notes,sent,2026-06-29 09:48:00,2026-06-29 09:54:00
60000879,100837,200068,2026-06-30 10:27:00,Business Dispatch,bounced,,
60000880,100781,200864,2026-07-01 06:40:00,Morning Briefing,sent,,
60000881,100151,200038,2026-07-02 07:53:00,Daily Edition,sent,2026-07-02 09:54:00,
60000882,100080,200473,2026-07-03 08:06:00,Weekend Reads,sent,2026-07-03 09:31:00,2026-07-03 09:34:00
60000883,100509,200955,2026-07-04 09:19:00,Culture Notes,sent,2026-07-04 11:37:00,
60000884,100335,200246,2026-07-05 10:32:00,Business Dispatch,bounced,,
60000885,100684,200661,2026-07-06 06:45:00,Morning Briefing,sent,2026-07-06 06:59:00,2026-07-06 07:40:00
60000886,100066,200308,2026-07-07 07:58:00,Daily Edition,sent,,
60000887,100173,200591,2026-07-08 08:11:00,Weekend Reads,sent,2026-07-08 11:08:00,
60000888,100843,200652,2026-07-09 09:24:00,Culture Notes,sent,2026-07-09 10:16:00,2026-07-09 10:35:00
60000889,100364,200350,2026-07-10 10:37:00,Business Dispatch,bounced,,
60000890,100253,200344,2026-07-11 06:50:00,Morning Briefing,sent,,
60000891,100810,200990,2026-07-12 07:03:00,Daily Edition,sent,2026-07-12 08:02:00,
60000892,100175,200197,2026-07-13 08:16:00,Weekend Reads,sent,2026-07-13 09:14:00,2026-07-13 09:17:00
60000893,100147,200152,2026-07-14 09:29:00,Culture Notes,sent,,
60000894,100366,200767,2026-07-15 10:42:00,Business Dispatch,bounced,,
60000895,100757,200724,2026-07-16 06:55:00,Morning Briefing,sent,2026-07-16 09:03:00,
60000896,100287,200046,2026-07-17 07:08:00,Daily Edition,sent,2026-07-17 08:12:00,2026-07-17 08:55:00
60000897,100358,200050,2026-07-18 08:21:00,Weekend Reads,sent,2026-07-18 10:06:00,
60000898,100715,200489,2026-07-19 09:34:00,Culture Notes,sent,2026-07-19 10:35:00,
60000899,100597,200366,2026-07-20 10:47:00,Business Dispatch,bounced,,
60000900,100513,200032,2026-06-01 06:00:00,Morning Briefing,sent,2026-06-01 07:59:00,
60000901,100321,200589,2026-06-02 07:13:00,Daily Edition,sent,,
60000902,100264,200344,2026-06-03 08:26:00,Weekend Reads,sent,2026-06-03 09:00:00,
60000903,100771,200131,2026-06-04 09:39:00,Culture Notes,sent,,
60000904,100739,200473,2026-06-05 10:52:00,Business Dispatch,bounced,,
60000905,100130,200699,2026-06-06 06:05:00,Morning Briefing,sent,2026-06-06 08:43:00,
60000906,100772,200476,2026-06-07 07:18:00,Daily Edition,sent,2026-06-07 09:32:00,
60000907,100603,200013,2026-06-08 08:31:00,Weekend Reads,sent,2026-06-08 10:59:00,2026-06-08 11:16:00
60000908,100189,200635,2026-06-09 09:44:00,Culture Notes,sent,2026-06-09 11:42:00,
60000909,100995,200996,2026-06-10 10:57:00,Business Dispatch,bounced,,
60000910,100783,200781,2026-06-11 06:10:00,Morning Briefing,sent,2026-06-11 07:11:00,
60000911,100852,200918,2026-06-12 07:23:00,Daily Edition,sent,2026-06-12 09:12:00,
60000912,100958,200381,2026-06-13 08:36:00,Weekend Reads,sent,2026-06-13 11:21:00,
60000913,1004,200739,2026-06-14 09:49:00,Culture Notes,sent,2026-06-14 10:27:00,
60000914,100728,200808,2026-06-15 10:02:00,Business Dispatch,bounced,,
60000915,100934,200153,2026-06-16 06:15:00,Morning Briefing,sent,2026-06-16 06:43:00,2026-06-16 07:05:00
60000916,100061,200336,2026-06-17 07:28:00,Daily Edition,sent,2026-06-17 09:54:00,
60000917,100570,200021,2026-06-18 08:41:00,Weekend Reads,sent,,
60000918,100768,200065,2026-06-19 09:54:00,Culture Notes,sent,2026-06-19 12:16:00,
60000919,100341,200664,2026-06-20 10:07:00,Business Dispatch,bounced,,
60000920,100437,200196,2026-06-21 06:20:00,Morning Briefing,sent,,
60000921,100102,200735,2026-06-22 07:33:00,Daily Edition,sent,2026-06-22 09:59:00,2026-06-22 10:00:00
60000922,100033,200422,2026-06-23 08:46:00,Weekend Reads,sent,,
60000923,100495,200706,2026-06-24 09:59:00,Culture Notes,sent,,
60000924,100595,200960,2026-06-25 10:12:00,Business Dispatch,bounced,,
60000925,100418,200954,2026-06-26 06:25:00,Morning Briefing,sent,,
60000926,100911,200639,2026-06-27 07:38:00,Daily Edition,sent,,
60000927,100410,200715,2026-06-28 08:51:00,Weekend Reads,sent,,
60000928,100945,200347,2026-06-29 09:04:00,Culture Notes,sent,,
60000929,100825,200384,2026-06-30 10:17:00,Business Dispatch,bounced,,
60000930,100923,200884,2026-07-01 06:30:00,Morning Briefing,sent,,
60000931,100262,200078,2026-07-02 07:43:00,Daily Edition,sent,,
60000932,100926,200733,2026-07-03 08:56:00,Weekend Reads,sent,,
60000933,100958,200876,2026-07-04 09:09:00,Culture Notes,sent,2026-07-04 11:00:00,
60000934,100763,200658,2026-07-05 10:22:00,Business Dispatch,bounced,,
60000935,100418,200903,2026-07-06 06:35:00,Morning Briefing,sent,2026-07-06 07:04:00,2026-07-06 07:30:00
60000936,100755,200826,2026-07-07 07:48:00,Daily Edition,sent,2026-07-07 09:12:00,2026-07-07 09:40:00
60000937,100522,200547,2026-07-08 08:01:00,Weekend Reads,sent,,
60000938,100523,200075,2026-07-09 09:14:00,Culture Notes,sent,,
60000939,100935,200694,2026-07-10 10:27:00,Business Dispatch,bounced,,
60000940,100502,200099,2026-07-11 06:40:00,Morning Briefing,sent,2026-07-11 07:59:00,
60000941,100209,200849,2026-07-12 07:53:00,Daily Edition,sent,2026-07-12 09:09:00,
60000942,100805,200888,2026-07-13 08:06:00,Weekend Reads,sent,2026-07-13 09:13:00,
60000943,100771,200385,2026-07-14 09:19:00,Culture Notes,sent,2026-07-14 10:59:00,2026-07-14 11:06:00
60000944,100910,200159,2026-07-15 10:32:00,Business Dispatch,bounced,,
60000945,100113,200419,2026-07-16 06:45:00,Morning Briefing,sent,,
60000946,100999,200513,2026-07-17 07:58:00,Daily Edition,sent,2026-07-17 10:05:00,
60000947,100926,200381,2026-07-18 08:11:00,Weekend Reads,sent,2026-07-18 10:57:00,2026-07-18 11:04:00
60000948,100321,200722,2026-07-19 09:24:00,Culture Notes,sent,,
60000949,100981,200489,2026-07-20 10:37:00,Business Dispatch,bounced,,
60000950,100797,200878,2026-06-01 06:50:00,Morning Briefing,sent,,
60000951,100168,200498,2026-06-02 07:03:00,Daily Edition,sent,2026-06-02 09:21:00,2026-06-02 09:58:00
60000952,100912,200531,2026-06-03 08:16:00,Weekend Reads,sent,,
60000953,100747,200991,2026-06-04 09:29:00,Culture Notes,sent,2026-06-04 11:00:00,2026-06-04 11:03:00
60000954,100001,200912,2026-06-05 10:42:00,Business Dispatch,bounced,,
60000955,100654,200077,2026-06-06 06:55:00,Morning Briefing,sent,2026-06-06 07:01:00,
60000956,100771,200299,2026-06-07 07:08:00,Daily Edition,sent,2026-06-07 09:18:00,
60000957,100956,200864,2026-06-08 08:21:00,Weekend Reads,sent,2026-06-08 09:48:00,
60000958,100183,200430,2026-06-09 09:34:00,Culture Notes,sent,2026-06-09 09:59:00,2026-06-09 10:27:00
60000959,100868,200494,2026-06-10 10:47:00,Business Dispatch,bounced,,
60000960,100619,200547,2026-06-11 06:00:00,Morning Briefing,sent,2026-06-11 06:46:00,
60000961,100390,200377,2026-06-12 07:13:00,Daily Edition,sent,,
60000962,100417,200837,2026-06-13 08:26:00,Weekend Reads,sent,,
60000963,100671,200174,2026-06-14 09:39:00,Culture Notes,sent,2026-06-14 12:24:00,2026-06-14 12:56:00
60000964,100428,200989,2026-06-15 10:52:00,Business Dispatch,bounced,,
60000965,100995,200743,2026-06-16 06:05:00,Morning Briefing,sent,2026-06-16 06:12:00,
60000966,100891,200076,2026-06-17 07:18:00,Daily Edition,sent,2026-06-17 10:16:00,
60000967,100716,200765,2026-06-18 08:31:00,Weekend Reads,sent,2026-06-18 11:00:00,
60000968,100108,200092,2026-06-19 09:44:00,Culture Notes,sent,2026-06-19 10:41:00,2026-06-19 11:05:00
60000969,100851,200977,2026-06-20 10:57:00,Business Dispatch,bounced,,
60000970,100773,200035,2026-06-21 06:10:00,Morning Briefing,sent,2026-06-21 07:39:00,2026-06-21 07:48:00
60000971,100036,200703,2026-06-22 07:23:00,Daily Edition,sent,2026-06-22 09:29:00,
60000972,100695,200525,2026-06-23 08:36:00,Weekend Reads,sent,,
60000973,100350,200738,2026-06-24 09:49:00,Culture Notes,sent,,
60000974,100853,200261,2026-06-25 10:02:00,Business Dispatch,bounced,,
60000975,100123,200910,2026-06-26 06:15:00,Morning Briefing,sent,,
60000976,100304,200056,2026-06-27 07:28:00,Daily Edition,sent,,
60000977,100248,200494,2026-06-28 08:41:00,Weekend Reads,sent,2026-06-28 09:03:00,
60000978,100330,200625,2026-06-29 09:54:00,Culture Notes,sent,,
60000979,100648,200821,2026-06-30 10:07:00,Business Dispatch,bounced,,
60000980,100549,200562,2026-07-01 06:20:00,Morning Briefing,sent,,
60000981,100359,200427,2026-07-02 07:33:00,Daily Edition,sent,2026-07-02 10:07:00,2026-07-02 10:31:00
60000982,100387,200330,2026-07-03 08:46:00,Weekend Reads,sent,2026-07-03 09:56:00,
60000983,100348,200832,2026-07-04 09:59:00,Culture Notes,sent,,
60000984,100864,200429,2026-07-05 10:12:00,Business Dispatch,bounced,,
60000985,100952,200971,2026-07-06 06:25:00,Morning Briefing,sent,,
60000986,100435,200491,2026-07-07 07:38:00,Daily Edition,sent,2026-07-07 08:15:00,2026-07-07 08:53:00
60000987,100405,200003,2026-07-08 08:51:00,Weekend Reads,sent,2026-07-08 11:23:00,2026-07-08 12:01:00
60000988,100281,200955,2026-07-09 09:04:00,Culture Notes,sent,2026-07-09 11:46:00,
60000989,100986,200756,2026-07-10 10:17:00,Business Dispatch,bounced,,
60000990,100641,200388,2026-07-11 06:30:00,Morning Briefing,sent,2026-07-11 07:30:00,
60000991,1004,200258,2026-07-12 07:43:00,Daily Edition,sent,,
60000992,100834,200846,2026-07-13 08:56:00,Weekend Reads,sent,2026-07-13 10:23:00,
60000993,100678,200248,2026-07-14 09:09:00,Culture Notes,sent,,
60000994,100298,200491,2026-07-15 10:22:00,Business Dispatch,bounced,,
60000995,101000,200070,2026-07-16 06:35:00,Morning Briefing,sent,2026-07-16 07:57:00,
60000996,100248,200156,2026-07-17 07:48:00,Daily Edition,sent,2026-07-17 09:29:00,2026-07-17 10:00:00
60000997,100800,200469,2026-07-18 08:01:00,Weekend Reads,sent,2026-07-18 09:27:00,
60000998,100635,200009,2026-07-19 09:14:00,Culture Notes,sent,2026-07-19 10:01:00,2026-07-19 10:19:00
60000999,100778,200323,2026-07-20 10:27:00,Business Dispatch,bounced,,
60001000,100630,200012,2026-06-01 06:40:00,Morning Briefing,sent,2026-06-01 08:50:00,2026-06-01 09:07:00
