campaign_id,article_id,campaign_name,advertiser_category,flight_start_date,flight_end_date,spend_pence,booked_impressions
5001,1001,Urban Mobility Launch,Transport,2026-06-01,2026-06-07,180000,90000
5002,1002,Summer Events Guide,Entertainment,2026-06-02,2026-06-08,125000,64000
5003,1003,Financial Services Awareness,Finance,2026-06-03,2026-06-10,220000,100000
5004,1004,Sportswear Weekend,Sports,2026-06-04,2026-06-11,160000,72000
5005,1005,Media Tech Briefing,Technology,2026-06-05,2026-06-12,190000,80000
5006,1006,Streaming Premieres,Entertainment,2026-06-06,2026-06-13,140000,70000
50000001,100569,Entertainment Campaign 0001,Entertainment,2026-06-02,2026-06-06,173604,31071
50000002,100851,Finance Campaign 0002,Finance,2026-06-03,2026-06-08,261596,99165
50000003,100870,Retail Campaign 0003,Retail,2026-06-04,2026-06-10,198408,99669
50000004,100528,Education Campaign 0004,Education,2026-06-05,2026-06-12,191612,141491
50000005,100259,Technology Campaign 0005,Technology,2026-06-06,2026-06-14,52035,20641
50000006,100194,Transport Campaign 0006,Transport,2026-06-07,2026-06-16,113859,98687
50000007,100016,Entertainment Campaign 0007,Entertainment,2026-06-08,2026-06-18,212917,143873
50000008,100178,Finance Campaign 0008,Finance,2026-06-09,2026-06-20,216393,95415
50000009,100485,Retail Campaign 0009,Retail,2026-06-10,2026-06-22,92021,148945
50000010,100993,Education Campaign 0010,Education,2026-06-11,2026-06-24,225313,84159
50000011,100101,Technology Campaign 0011,Technology,2026-06-12,2026-06-26,76288,92670
50000012,100583,Transport Campaign 0012,Transport,2026-06-13,2026-06-16,299443,37491
50000013,100699,Entertainment Campaign 0013,Entertainment,2026-06-14,2026-06-18,240445,114833
50000014,100688,Finance Campaign 0014,Finance,2026-06-15,2026-06-20,170956,168261
50000015,100546,Retail Campaign 0015,Retail,2026-06-16,2026-06-22,272631,87609
50000016,100750,Education Campaign 0016,Education,2026-06-17,2026-06-24,224807,144791
50000017,100105,Technology Campaign 0017,Technology,2026-06-18,2026-06-26,226992,51348
50000018,100503,Transport Campaign 0018,Transport,2026-06-19,2026-06-28,179355,170801
50000019,100145,Entertainment Campaign 0019,Entertainment,2026-06-20,2026-06-30,266585,88036
50000020,100301,Finance Campaign 0020,Finance,2026-06-21,2026-07-02,197477,35338
50000021,100291,Retail Campaign 0021,Retail,2026-06-22,2026-07-04,128802,140859
50000022,100042,Education Campaign 0022,Education,2026-06-23,2026-07-06,226739,55519
50000023,100521,Technology Campaign 0023,Technology,2026-06-24,2026-07-08,87810,33864
50000024,100442,Transport Campaign 0024,Transport,2026-06-25,2026-06-28,139676,129973
50000025,100821,Entertainment Campaign 0025,Entertainment,2026-06-26,2026-06-30,284102,113319
50000026,100226,Finance Campaign 0026,Finance,2026-06-27,2026-07-02,120984,96457
50000027,100726,Retail Campaign 0027,Retail,2026-06-28,2026-07-04,212495,40139
50000028,100717,Education Campaign 0028,Education,2026-06-29,2026-07-06,95807,68037
50000029,100981,Technology Campaign 0029,Technology,2026-06-30,2026-07-08,69774,176961
50000030,100975,Transport Campaign 0030,Transport,2026-07-01,2026-07-10,88813,162530
50000031,100542,Entertainment Campaign 0031,Entertainment,2026-07-02,2026-07-12,273705,102892
50000032,100059,Finance Campaign 0032,Finance,2026-07-03,2026-07-14,266510,98924
50000033,100503,Retail Campaign 0033,Retail,2026-07-04,2026-07-16,224684,115033
50000034,100331,Education Campaign 0034,Education,2026-07-05,2026-07-18,185095,172055
50000035,100600,Technology Campaign 0035,Technology,2026-07-06,2026-07-20,260827,57674
50000036,100260,Transport Campaign 0036,Transport,2026-07-07,2026-07-10,80900,155835
50000037,100542,Entertainment Campaign 0037,Entertainment,2026-07-08,2026-07-12,142783,147113
50000038,100682,Finance Campaign 0038,Finance,2026-07-09,2026-07-14,134211,62737
50000039,100372,Retail Campaign 0039,Retail,2026-07-10,2026-07-16,102114,60515
50000040,100790,Education Campaign 0040,Education,2026-07-11,2026-07-18,102963,69392
50000041,100090,Technology Campaign 0041,Technology,2026-07-12,2026-07-20,280158,166448
50000042,100917,Transport Campaign 0042,Transport,2026-07-13,2026-07-22,225788,157796
50000043,100156,Entertainment Campaign 0043,Entertainment,2026-07-14,2026-07-24,184485,164470
50000044,100016,Finance Campaign 0044,Finance,2026-07-15,2026-07-26,243261,49875
50000045,100737,Retail Campaign 0045,Retail,2026-06-01,2026-06-13,165715,40027
50000046,100436,Education Campaign 0046,Education,2026-06-02,2026-06-15,259655,54401
50000047,100263,Technology Campaign 0047,Technology,2026-06-03,2026-06-17,49555,145702
50000048,100687,Transport Campaign 0048,Transport,2026-06-04,2026-06-07,126677,115045
50000049,100480,Entertainment Campaign 0049,Entertainment,2026-06-05,2026-06-09,259181,135851
50000050,100250,Finance Campaign 0050,Finance,2026-06-06,2026-06-11,201670,157133
50000051,100127,Retail Campaign 0051,Retail,2026-06-07,2026-06-13,299308,109665
50000052,100535,Education Campaign 0052,Education,2026-06-08,2026-06-15,231094,99871
50000053,100395,Technology Campaign 0053,Technology,2026-06-09,2026-06-17,240155,51089
50000054,100600,Transport Campaign 0054,Transport,2026-06-10,2026-06-19,78741,57318
50000055,100078,Entertainment Campaign 0055,Entertainment,2026-06-11,2026-06-21,104395,100590
50000056,100515,Finance Campaign 0056,Finance,2026-06-12,2026-06-23,100008,54135
50000057,100392,Retail Campaign 0057,Retail,2026-06-13,2026-06-25,65605,131360
50000058,100102,Education Campaign 0058,Education,2026-06-14,2026-06-27,245022,49287
50000059,100487,Technology Campaign 0059,Technology,2026-06-15,2026-06-29,49929,146944
50000060,100184,Transport Campaign 0060,Transport,2026-06-16,2026-06-19,158048,31145
50000061,100623,Entertainment Campaign 0061,Entertainment,2026-06-17,2026-06-21,73263,28596
50000062,100235,Finance Campaign 0062,Finance,2026-06-18,2026-06-23,217959,154605
50000063,100037,Retail Campaign 0063,Retail,2026-06-19,2026-06-25,60536,142967
50000064,100564,Education Campaign 0064,Education,2026-06-20,2026-06-27,283165,86325
50000065,100494,Technology Campaign 0065,Technology,2026-06-21,2026-06-29,62366,99074
50000066,100134,Transport Campaign 0066,Transport,2026-06-22,2026-07-01,47692,45297
50000067,100259,Entertainment Campaign 0067,Entertainment,2026-06-23,2026-07-03,77451,177756
50000068,100681,Finance Campaign 0068,Finance,2026-06-24,2026-07-05,199036,72435
50000069,100667,Retail Campaign 0069,Retail,2026-06-25,2026-07-07,220793,112152
50000070,100514,Education Campaign 0070,Education,2026-06-26,2026-07-09,68797,58156
50000071,100352,Technology Campaign 0071,Technology,2026-06-27,2026-07-11,240611,92712
50000072,100464,Transport Campaign 0072,Transport,2026-06-28,2026-07-01,196978,111183
50000073,100866,Entertainment Campaign 0073,Entertainment,2026-06-29,2026-07-03,87089,151238
50000074,100306,Finance Campaign 0074,Finance,2026-06-30,2026-07-05,235986,83392
50000075,100031,Retail Campaign 0075,Retail,2026-07-01,2026-07-07,194483,37914
50000076,100628,Education Campaign 0076,Education,2026-07-02,2026-07-09,259849,171554
50000077,100309,Technology Campaign 0077,Technology,2026-07-03,2026-07-11,48665,158631
50000078,100763,Transport Campaign 0078,Transport,2026-07-04,2026-07-13,232645,70213
50000079,100529,Entertainment Campaign 0079,Entertainment,2026-07-05,2026-07-15,118887,65029
50000080,100472,Finance Campaign 0080,Finance,2026-07-06,2026-07-17,242661,160804
50000081,100566,Retail Campaign 0081,Retail,2026-07-07,2026-07-19,235145,45869
50000082,100509,Education Campaign 0082,Education,2026-07-08,2026-07-21,101102,152171
50000083,100441,Technology Campaign 0083,Technology,2026-07-09,2026-07-23,230534,144443
50000084,100958,Transport Campaign 0084,Transport,2026-07-10,2026-07-13,228011,174502
50000085,100779,Entertainment Campaign 0085,Entertainment,2026-07-11,2026-07-15,160255,48134
50000086,100782,Finance Campaign 0086,Finance,2026-07-12,2026-07-17,263822,113014
50000087,100602,Retail Campaign 0087,Retail,2026-07-13,2026-07-19,144513,131173
50000088,100830,Education Campaign 0088,Education,2026-07-14,2026-07-21,179807,79651
50000089,100029,Technology Campaign 0089,Technology,2026-07-15,2026-07-23,74581,102386
50000090,100751,Transport Campaign 0090,Transport,2026-06-01,2026-06-10,167133,48918
50000091,100158,Entertainment Campaign 0091,Entertainment,2026-06-02,2026-06-12,80628,149975
50000092,100413,Finance Campaign 0092,Finance,2026-06-03,2026-06-14,139699,95568
50000093,100210,Retail Campaign 0093,Retail,2026-06-04,2026-06-16,234303,30645
50000094,100737,Education Campaign 0094,Education,2026-06-05,2026-06-18,131013,149423
50000095,100778,Technology Campaign 0095,Technology,2026-06-06,2026-06-20,145868,94347
50000096,100128,Transport Campaign 0096,Transport,2026-06-07,2026-06-10,202388,101790
50000097,100371,Entertainment Campaign 0097,Entertainment,2026-06-08,2026-06-12,265486,136380
50000098,100912,Finance Campaign 0098,Finance,2026-06-09,2026-06-14,190205,126766
50000099,100985,Retail Campaign 0099,Retail,2026-06-10,2026-06-16,269228,132187
50000100,100888,Education Campaign 0100,Education,2026-06-11,2026-06-18,269598,38247
50000101,100612,Technology Campaign 0101,Technology,2026-06-12,2026-06-20,265478,144695
50000102,100664,Transport Campaign 0102,Transport,2026-06-13,2026-06-22,223030,116322
50000103,100899,Entertainment Campaign 0103,Entertainment,2026-06-14,2026-06-24,48351,148882
50000104,100405,Finance Campaign 0104,Finance,2026-06-15,2026-06-26,72570,123905
50000105,100172,Retail Campaign 0105,Retail,2026-06-16,2026-06-28,182012,42283
50000106,100859,Education Campaign 0106,Education,2026-06-17,2026-06-30,82582,123497
50000107,100148,Technology Campaign 0107,Technology,2026-06-18,2026-07-02,227199,174811
50000108,100746,Transport Campaign 0108,Transport,2026-06-19,2026-06-22,71665,64229
50000109,100824,Entertainment Campaign 0109,Entertainment,2026-06-20,2026-06-24,140344,72189
50000110,100105,Finance Campaign 0110,Finance,2026-06-21,2026-06-26,97497,175965
50000111,100630,Retail Campaign 0111,Retail,2026-06-22,2026-06-28,150981,52181
50000112,100011,Education Campaign 0112,Education,2026-06-23,2026-06-30,264705,131333
50000113,100522,Technology Campaign 0113,Technology,2026-06-24,2026-07-02,175838,93011
50000114,100570,Transport Campaign 0114,Transport,2026-06-25,2026-07-04,232038,172546
50000115,100401,Entertainment Campaign 0115,Entertainment,2026-06-26,2026-07-06,116558,124919
50000116,100165,Finance Campaign 0116,Finance,2026-06-27,2026-07-08,169735,178116
50000117,100780,Retail Campaign 0117,Retail,2026-06-28,2026-07-10,151022,147017
50000118,100338,Education Campaign 0118,Education,2026-06-29,2026-07-12,118109,58633
50000119,100608,Technology Campaign 0119,Technology,2026-06-30,2026-07-14,164179,48321
50000120,100960,Transport Campaign 0120,Transport,2026-07-01,2026-07-04,110716,148277
50000121,100345,Entertainment Campaign 0121,Entertainment,2026-07-02,2026-07-06,105508,55286
50000122,100879,Finance Campaign 0122,Finance,2026-07-03,2026-07-08,71110,33854
50000123,100700,Retail Campaign 0123,Retail,2026-07-04,2026-07-10,62885,150583
50000124,100551,Education Campaign 0124,Education,2026-07-05,2026-07-12,52012,66948
50000125,100255,Technology Campaign 0125,Technology,2026-07-06,2026-07-14,203488,105709
50000126,100027,Transport Campaign 0126,Transport,2026-07-07,2026-07-16,124364,45253
50000127,100656,Entertainment Campaign 0127,Entertainment,2026-07-08,2026-07-18,65058,156301
50000128,100670,Finance Campaign 0128,Finance,2026-07-09,2026-07-20,174024,142164
50000129,100098,Retail Campaign 0129,Retail,2026-07-10,2026-07-22,121955,150521
50000130,100401,Education Campaign 0130,Education,2026-07-11,2026-07-24,177328,88593
50000131,100461,Technology Campaign 0131,Technology,2026-07-12,2026-07-26,135076,161696
50000132,100472,Transport Campaign 0132,Transport,2026-07-13,2026-07-16,49632,28283
50000133,100360,Entertainment Campaign 0133,Entertainment,2026-07-14,2026-07-18,275719,51230
50000134,100319,Finance Campaign 0134,Finance,2026-07-15,2026-07-20,162995,102459
50000135,100807,Retail Campaign 0135,Retail,2026-06-01,2026-06-07,143654,136013
50000136,100411,Education Campaign 0136,Education,2026-06-02,2026-06-09,54432,28613
50000137,100129,Technology Campaign 0137,Technology,2026-06-03,2026-06-11,190926,99441
50000138,100860,Transport Campaign 0138,Transport,2026-06-04,2026-06-13,230089,63029
50000139,100465,Entertainment Campaign 0139,Entertainment,2026-06-05,2026-06-15,157900,55255
50000140,100288,Finance Campaign 0140,Finance,2026-06-06,2026-06-17,232622,121995
50000141,100475,Retail Campaign 0141,Retail,2026-06-07,2026-06-19,245280,48673
50000142,100565,Education Campaign 0142,Education,2026-06-08,2026-06-21,221953,148595
50000143,100665,Technology Campaign 0143,Technology,2026-06-09,2026-06-23,190171,161398
50000144,100582,Transport Campaign 0144,Transport,2026-06-10,2026-06-13,168160,144757
50000145,100579,Entertainment Campaign 0145,Entertainment,2026-06-11,2026-06-15,268963,60975
50000146,100529,Finance Campaign 0146,Finance,2026-06-12,2026-06-17,59611,122599
50000147,100287,Retail Campaign 0147,Retail,2026-06-13,2026-06-19,174680,174938
50000148,100013,Education Campaign 0148,Education,2026-06-14,2026-06-21,144037,112474
50000149,100816,Technology Campaign 0149,Technology,2026-06-15,2026-06-23,119563,104012
50000150,100101,Transport Campaign 0150,Transport,2026-06-16,2026-06-25,52378,174786
50000151,100092,Entertainment Campaign 0151,Entertainment,2026-06-17,2026-06-27,78606,116052
50000152,100410,Finance Campaign 0152,Finance,2026-06-18,2026-06-29,257219,173083
50000153,100087,Retail Campaign 0153,Retail,2026-06-19,2026-07-01,245591,109458
50000154,100456,Education Campaign 0154,Education,2026-06-20,2026-07-03,70519,132236
50000155,100427,Technology Campaign 0155,Technology,2026-06-21,2026-07-05,138681,127984
50000156,100440,Transport Campaign 0156,Transport,2026-06-22,2026-06-25,59797,84023
50000157,100341,Entertainment Campaign 0157,Entertainment,2026-06-23,2026-06-27,106504,101815
50000158,100701,Finance Campaign 0158,Finance,2026-06-24,2026-06-29,67266,37170
50000159,100991,Retail Campaign 0159,Retail,2026-06-25,2026-07-01,124930,50007
50000160,100454,Education Campaign 0160,Education,2026-06-26,2026-07-03,89506,25167
50000161,100667,Technology Campaign 0161,Technology,2026-06-27,2026-07-05,130489,29798
50000162,100594,Transport Campaign 0162,Transport,2026-06-28,2026-07-07,217429,130748
50000163,100711,Entertainment Campaign 0163,Entertainment,2026-06-29,2026-07-09,179941,130407
50000164,100410,Finance Campaign 0164,Finance,2026-06-30,2026-07-11,50348,143129
50000165,100746,Retail Campaign 0165,Retail,2026-07-01,2026-07-13,50829,102972
50000166,100537,Education Campaign 0166,Education,2026-07-02,2026-07-15,194514,122315
50000167,100488,Technology Campaign 0167,Technology,2026-07-03,2026-07-17,195087,45618
50000168,100992,Transport Campaign 0168,Transport,2026-07-04,2026-07-07,173020,46229
50000169,100879,Entertainment Campaign 0169,Entertainment,2026-07-05,2026-07-09,221976,73977
50000170,100523,Finance Campaign 0170,Finance,2026-07-06,2026-07-11,175215,151797
50000171,100010,Retail Campaign 0171,Retail,2026-07-07,2026-07-13,245514,109008
50000172,100363,Education Campaign 0172,Education,2026-07-08,2026-07-15,206173,98517
50000173,100572,Technology Campaign 0173,Technology,2026-07-09,2026-07-17,299129,134292
50000174,100413,Transport Campaign 0174,Transport,2026-07-10,2026-07-19,175272,39744
50000175,100068,Entertainment Campaign 0175,Entertainment,2026-07-11,2026-07-21,267910,160465
50000176,100440,Finance Campaign 0176,Finance,2026-07-12,2026-07-23,120328,89508
50000177,100276,Retail Campaign 0177,Retail,2026-07-13,2026-07-25,122940,170345
50000178,100646,Education Campaign 0178,Education,2026-07-14,2026-07-27,255921,79214
50000179,100881,Technology Campaign 0179,Technology,2026-07-15,2026-07-29,239743,44106
50000180,100983,Transport Campaign 0180,Transport,2026-06-01,2026-06-04,266298,171569
50000181,100353,Entertainment Campaign 0181,Entertainment,2026-06-02,2026-06-06,200153,108300
50000182,100542,Finance Campaign 0182,Finance,2026-06-03,2026-06-08,62634,168485
50000183,100084,Retail Campaign 0183,Retail,2026-06-04,2026-06-10,184215,144588
50000184,100714,Education Campaign 0184,Education,2026-06-05,2026-06-12,99981,111046
50000185,100092,Technology Campaign 0185,Technology,2026-06-06,2026-06-14,65096,99127
50000186,100807,Transport Campaign 0186,Transport,2026-06-07,2026-06-16,255796,98619
50000187,100741,Entertainment Campaign 0187,Entertainment,2026-06-08,2026-06-18,218921,161544
50000188,100625,Finance Campaign 0188,Finance,2026-06-09,2026-06-20,97448,128609
50000189,100723,Retail Campaign 0189,Retail,2026-06-10,2026-06-22,110867,155100
50000190,100783,Education Campaign 0190,Education,2026-06-11,2026-06-24,221045,163540
50000191,100510,Technology Campaign 0191,Technology,2026-06-12,2026-06-26,275921,24876
50000192,100975,Transport Campaign 0192,Transport,2026-06-13,2026-06-16,229374,155325
50000193,100217,Entertainment Campaign 0193,Entertainment,2026-06-14,2026-06-18,93900,171216
50000194,100858,Finance Campaign 0194,Finance,2026-06-15,2026-06-20,100824,142498
50000195,100628,Retail Campaign 0195,Retail,2026-06-16,2026-06-22,290671,159649
50000196,100183,Education Campaign 0196,Education,2026-06-17,2026-06-24,206067,133698
50000197,100319,Technology Campaign 0197,Technology,2026-06-18,2026-06-26,193404,35697
50000198,100909,Transport Campaign 0198,Transport,2026-06-19,2026-06-28,97598,115492
50000199,100855,Entertainment Campaign 0199,Entertainment,2026-06-20,2026-06-30,83730,83012
50000200,100543,Finance Campaign 0200,Finance,2026-06-21,2026-07-02,240673,98715
50000201,100254,Retail Campaign 0201,Retail,2026-06-22,2026-07-04,159134,127547
50000202,100729,Education Campaign 0202,Education,2026-06-23,2026-07-06,270492,36889
50000203,100053,Technology Campaign 0203,Technology,2026-06-24,2026-07-08,98361,128118
50000204,100690,Transport Campaign 0204,Transport,2026-06-25,2026-06-28,260930,95247
50000205,100079,Entertainment Campaign 0205,Entertainment,2026-06-26,2026-06-30,87096,87225
50000206,100128,Finance Campaign 0206,Finance,2026-06-27,2026-07-02,202609,81900
50000207,100853,Retail Campaign 0207,Retail,2026-06-28,2026-07-04,107516,49768
50000208,100598,Education Campaign 0208,Education,2026-06-29,2026-07-06,95309,27262
50000209,100703,Technology Campaign 0209,Technology,2026-06-30,2026-07-08,253940,101406
50000210,100934,Transport Campaign 0210,Transport,2026-07-01,2026-07-10,172240,166754
50000211,100912,Entertainment Campaign 0211,Entertainment,2026-07-02,2026-07-12,155629,29700
50000212,100679,Finance Campaign 0212,Finance,2026-07-03,2026-07-14,86774,91489
50000213,100619,Retail Campaign 0213,Retail,2026-07-04,2026-07-16,52639,87737
50000214,100289,Education Campaign 0214,Education,2026-07-05,2026-07-18,255642,92816
50000215,100162,Technology Campaign 0215,Technology,2026-07-06,2026-07-20,189364,66133
50000216,100154,Transport Campaign 0216,Transport,2026-07-07,2026-07-10,268483,31070
50000217,100488,Entertainment Campaign 0217,Entertainment,2026-07-08,2026-07-12,234392,147360
50000218,100310,Finance Campaign 0218,Finance,2026-07-09,2026-07-14,50218,34503
50000219,100396,Retail Campaign 0219,Retail,2026-07-10,2026-07-16,280013,42001
50000220,100850,Education Campaign 0220,Education,2026-07-11,2026-07-18,202705,98113
50000221,100417,Technology Campaign 0221,Technology,2026-07-12,2026-07-20,61667,126694
50000222,100455,Transport Campaign 0222,Transport,2026-07-13,2026-07-22,140272,43673
50000223,100956,Entertainment Campaign 0223,Entertainment,2026-07-14,2026-07-24,292244,56847
50000224,100798,Finance Campaign 0224,Finance,2026-07-15,2026-07-26,74342,169677
50000225,100310,Retail Campaign 0225,Retail,2026-06-01,2026-06-13,176137,51625
50000226,100099,Education Campaign 0226,Education,2026-06-02,2026-06-15,219120,172153
50000227,100544,Technology Campaign 0227,Technology,2026-06-03,2026-06-17,248191,157693
50000228,100842,Transport Campaign 0228,Transport,2026-06-04,2026-06-07,175141,43658
50000229,100835,Entertainment Campaign 0229,Entertainment,2026-06-05,2026-06-09,202239,52054
50000230,100384,Finance Campaign 0230,Finance,2026-06-06,2026-06-11,256468,102158
50000231,100943,Retail Campaign 0231,Retail,2026-06-07,2026-06-13,263191,173177
50000232,100361,Education Campaign 0232,Education,2026-06-08,2026-06-15,147223,81849
50000233,100571,Technology Campaign 0233,Technology,2026-06-09,2026-06-17,155852,77149
50000234,100774,Transport Campaign 0234,Transport,2026-06-10,2026-06-19,73000,65915
50000235,100853,Entertainment Campaign 0235,Entertainment,2026-06-11,2026-06-21,299259,91970
50000236,100085,Finance Campaign 0236,Finance,2026-06-12,2026-06-23,152053,86664
50000237,100525,Retail Campaign 0237,Retail,2026-06-13,2026-06-25,199528,34660
50000238,100151,Education Campaign 0238,Education,2026-06-14,2026-06-27,184845,118226
50000239,100372,Technology Campaign 0239,Technology,2026-06-15,2026-06-29,293698,49612
50000240,100993,Transport Campaign 0240,Transport,2026-06-16,2026-06-19,188063,131091
50000241,100156,Entertainment Campaign 0241,Entertainment,2026-06-17,2026-06-21,223975,84578
50000242,100663,Finance Campaign 0242,Finance,2026-06-18,2026-06-23,117806,57987
50000243,100055,Retail Campaign 0243,Retail,2026-06-19,2026-06-25,169576,116400
50000244,100532,Education Campaign 0244,Education,2026-06-20,2026-06-27,125785,25524
50000245,100358,Technology Campaign 0245,Technology,2026-06-21,2026-06-29,298442,178810
50000246,100746,Transport Campaign 0246,Transport,2026-06-22,2026-07-01,265587,34332
50000247,100419,Entertainment Campaign 0247,Entertainment,2026-06-23,2026-07-03,285505,82829
50000248,100984,Finance Campaign 0248,Finance,2026-06-24,2026-07-05,189894,120844
50000249,100042,Retail Campaign 0249,Retail,2026-06-25,2026-07-07,212496,115120
50000250,100657,Education Campaign 0250,Education,2026-06-26,2026-07-09,257926,51995
50000251,100287,Technology Campaign 0251,Technology,2026-06-27,2026-07-11,272266,81966
50000252,100625,Transport Campaign 0252,Transport,2026-06-28,2026-07-01,160973,121835
50000253,100768,Entertainment Campaign 0253,Entertainment,2026-06-29,2026-07-03,283495,123016
50000254,100710,Finance Campaign 0254,Finance,2026-06-30,2026-07-05,285628,86986
50000255,100076,Retail Campaign 0255,Retail,2026-07-01,2026-07-07,68658,81724
50000256,100079,Education Campaign 0256,Education,2026-07-02,2026-07-09,100151,62002
50000257,100719,Technology Campaign 0257,Technology,2026-07-03,2026-07-11,160040,103147
50000258,100689,Transport Campaign 0258,Transport,2026-07-04,2026-07-13,257925,126506
50000259,100604,Entertainment Campaign 0259,Entertainment,2026-07-05,2026-07-15,53881,91837
50000260,100690,Finance Campaign 0260,Finance,2026-07-06,2026-07-17,65996,148894
50000261,100292,Retail Campaign 0261,Retail,2026-07-07,2026-07-19,238184,128255
50000262,100765,Education Campaign 0262,Education,2026-07-08,2026-07-21,265505,107221
50000263,100558,Technology Campaign 0263,Technology,2026-07-09,2026-07-23,155720,46318
50000264,100675,Transport Campaign 0264,Transport,2026-07-10,2026-07-13,87033,88411
50000265,100356,Entertainment Campaign 0265,Entertainment,2026-07-11,2026-07-15,62397,112237
50000266,100275,Finance Campaign 0266,Finance,2026-07-12,2026-07-17,202841,163583
50000267,100607,Retail Campaign 0267,Retail,2026-07-13,2026-07-19,130660,138819
50000268,100570,Education Campaign 0268,Education,2026-07-14,2026-07-21,52169,33657
50000269,100522,Technology Campaign 0269,Technology,2026-07-15,2026-07-23,213189,68166
50000270,100518,Transport Campaign 0270,Transport,2026-06-01,2026-06-10,161235,55675
50000271,100889,Entertainment Campaign 0271,Entertainment,2026-06-02,2026-06-12,150031,72448
50000272,100530,Finance Campaign 0272,Finance,2026-06-03,2026-06-14,125097,102240
50000273,100483,Retail Campaign 0273,Retail,2026-06-04,2026-06-16,66556,49052
50000274,100062,Education Campaign 0274,Education,2026-06-05,2026-06-18,110432,155362
50000275,100638,Technology Campaign 0275,Technology,2026-06-06,2026-06-20,299191,54103
50000276,100782,Transport Campaign 0276,Transport,2026-06-07,2026-06-10,200717,127561
50000277,100733,Entertainment Campaign 0277,Entertainment,2026-06-08,2026-06-12,291262,103728
50000278,100391,Finance Campaign 0278,Finance,2026-06-09,2026-06-14,170400,54998
50000279,100202,Retail Campaign 0279,Retail,2026-06-10,2026-06-16,90476,175456
50000280,100789,Education Campaign 0280,Education,2026-06-11,2026-06-18,130873,93871
50000281,100153,Technology Campaign 0281,Technology,2026-06-12,2026-06-20,67124,128657
50000282,100333,Transport Campaign 0282,Transport,2026-06-13,2026-06-22,92681,123152
50000283,100861,Entertainment Campaign 0283,Entertainment,2026-06-14,2026-06-24,143912,169524
50000284,100200,Finance Campaign 0284,Finance,2026-06-15,2026-06-26,50435,26021
50000285,100923,Retail Campaign 0285,Retail,2026-06-16,2026-06-28,191415,79954
50000286,100913,Education Campaign 0286,Education,2026-06-17,2026-06-30,68324,141221
50000287,100195,Technology Campaign 0287,Technology,2026-06-18,2026-07-02,113624,64238
50000288,100049,Transport Campaign 0288,Transport,2026-06-19,2026-06-22,150128,132434
50000289,100620,Entertainment Campaign 0289,Entertainment,2026-06-20,2026-06-24,113198,59125
50000290,100104,Finance Campaign 0290,Finance,2026-06-21,2026-06-26,296142,116448
50000291,100194,Retail Campaign 0291,Retail,2026-06-22,2026-06-28,293314,168699
50000292,100147,Education Campaign 0292,Education,2026-06-23,2026-06-30,48700,157845
50000293,100479,Technology Campaign 0293,Technology,2026-06-24,2026-07-02,247731,138936
50000294,100888,Transport Campaign 0294,Transport,2026-06-25,2026-07-04,221582,149538
50000295,100169,Entertainment Campaign 0295,Entertainment,2026-06-26,2026-07-06,103847,73253
50000296,100250,Finance Campaign 0296,Finance,2026-06-27,2026-07-08,293001,89783
50000297,100356,Retail Campaign 0297,Retail,2026-06-28,2026-07-10,240675,149543
50000298,100460,Education Campaign 0298,Education,2026-06-29,2026-07-12,79130,133064
50000299,100952,Technology Campaign 0299,Technology,2026-06-30,2026-07-14,99160,177308
50000300,100303,Transport Campaign 0300,Transport,2026-07-01,2026-07-04,261029,94178
50000301,100834,Entertainment Campaign 0301,Entertainment,2026-07-02,2026-07-06,222520,69640
50000302,100525,Finance Campaign 0302,Finance,2026-07-03,2026-07-08,92282,127092
50000303,100915,Retail Campaign 0303,Retail,2026-07-04,2026-07-10,83258,27542
50000304,100408,Education Campaign 0304,Education,2026-07-05,2026-07-12,113629,81731
50000305,100750,Technology Campaign 0305,Technology,2026-07-06,2026-07-14,163220,85095
50000306,100503,Transport Campaign 0306,Transport,2026-07-07,2026-07-16,197804,140104
50000307,100219,Entertainment Campaign 0307,Entertainment,2026-07-08,2026-07-18,47705,142914
50000308,100275,Finance Campaign 0308,Finance,2026-07-09,2026-07-20,273443,104736
50000309,100137,Retail Campaign 0309,Retail,2026-07-10,2026-07-22,226671,124216
50000310,100856,Education Campaign 0310,Education,2026-07-11,2026-07-24,100631,120531
50000311,100885,Technology Campaign 0311,Technology,2026-07-12,2026-07-26,155963,176551
50000312,100429,Transport Campaign 0312,Transport,2026-07-13,2026-07-16,64151,44976
50000313,100744,Entertainment Campaign 0313,Entertainment,2026-07-14,2026-07-18,60401,33661
50000314,100521,Finance Campaign 0314,Finance,2026-07-15,2026-07-20,289073,81562
50000315,100670,Retail Campaign 0315,Retail,2026-06-01,2026-06-07,283086,112878
50000316,100815,Education Campaign 0316,Education,2026-06-02,2026-06-09,291237,176822
50000317,100928,Technology Campaign 0317,Technology,2026-06-03,2026-06-11,241147,31930
50000318,100214,Transport Campaign 0318,Transport,2026-06-04,2026-06-13,111494,152262
50000319,100850,Entertainment Campaign 0319,Entertainment,2026-06-05,2026-06-15,144860,99300
50000320,100217,Finance Campaign 0320,Finance,2026-06-06,2026-06-17,148467,117229
50000321,100365,Retail Campaign 0321,Retail,2026-06-07,2026-06-19,298770,166685
50000322,100279,Education Campaign 0322,Education,2026-06-08,2026-06-21,197171,67021
50000323,100510,Technology Campaign 0323,Technology,2026-06-09,2026-06-23,89529,152054
50000324,100755,Transport Campaign 0324,Transport,2026-06-10,2026-06-13,288879,108913
50000325,100150,Entertainment Campaign 0325,Entertainment,2026-06-11,2026-06-15,167705,54581
50000326,100356,Finance Campaign 0326,Finance,2026-06-12,2026-06-17,128182,159047
50000327,100715,Retail Campaign 0327,Retail,2026-06-13,2026-06-19,82170,88263
50000328,100398,Education Campaign 0328,Education,2026-06-14,2026-06-21,127121,31576
50000329,100282,Technology Campaign 0329,Technology,2026-06-15,2026-06-23,78520,150865
50000330,100179,Transport Campaign 0330,Transport,2026-06-16,2026-06-25,263838,93662
50000331,100059,Entertainment Campaign 0331,Entertainment,2026-06-17,2026-06-27,139527,132744
50000332,100596,Finance Campaign 0332,Finance,2026-06-18,2026-06-29,281661,89000
50000333,100941,Retail Campaign 0333,Retail,2026-06-19,2026-07-01,262471,89142
50000334,100850,Education Campaign 0334,Education,2026-06-20,2026-07-03,127053,134235
50000335,100236,Technology Campaign 0335,Technology,2026-06-21,2026-07-05,88249,102717
50000336,100083,Transport Campaign 0336,Transport,2026-06-22,2026-06-25,173784,59653
50000337,100911,Entertainment Campaign 0337,Entertainment,2026-06-23,2026-06-27,268617,135340
50000338,100403,Finance Campaign 0338,Finance,2026-06-24,2026-06-29,94524,58960
50000339,100411,Retail Campaign 0339,Retail,2026-06-25,2026-07-01,105256,68009
50000340,100399,Education Campaign 0340,Education,2026-06-26,2026-07-03,168272,88216
50000341,100537,Technology Campaign 0341,Technology,2026-06-27,2026-07-05,230063,142456
50000342,100823,Transport Campaign 0342,Transport,2026-06-28,2026-07-07,75415,149737
50000343,100425,Entertainment Campaign 0343,Entertainment,2026-06-29,2026-07-09,160741,113459
50000344,100111,Finance Campaign 0344,Finance,2026-06-30,2026-07-11,192024,147192
50000345,100866,Retail Campaign 0345,Retail,2026-07-01,2026-07-13,174233,49488
50000346,100265,Education Campaign 0346,Education,2026-07-02,2026-07-15,233681,58811
50000347,100538,Technology Campaign 0347,Technology,2026-07-03,2026-07-17,136646,44530
50000348,100627,Transport Campaign 0348,Transport,2026-07-04,2026-07-07,272586,94479
50000349,100610,Entertainment Campaign 0349,Entertainment,2026-07-05,2026-07-09,263878,64117
50000350,100194,Finance Campaign 0350,Finance,2026-07-06,2026-07-11,178362,91510
50000351,100010,Retail Campaign 0351,Retail,2026-07-07,2026-07-13,278542,173531
50000352,100664,Education Campaign 0352,Education,2026-07-08,2026-07-15,197973,21081
50000353,100992,Technology Campaign 0353,Technology,2026-07-09,2026-07-17,246024,169628
50000354,100645,Transport Campaign 0354,Transport,2026-07-10,2026-07-19,154161,40141
50000355,100720,Entertainment Campaign 0355,Entertainment,2026-07-11,2026-07-21,246393,150576
50000356,100162,Finance Campaign 0356,Finance,2026-07-12,2026-07-23,69721,106155
50000357,100508,Retail Campaign 0357,Retail,2026-07-13,2026-07-25,119522,51979
50000358,100892,Education Campaign 0358,Education,2026-07-14,2026-07-27,142926,174753
50000359,100441,Technology Campaign 0359,Technology,2026-07-15,2026-07-29,294356,47805
50000360,100354,Transport Campaign 0360,Transport,2026-06-01,2026-06-04,129813,60311
50000361,100539,Entertainment Campaign 0361,Entertainment,2026-06-02,2026-06-06,66250,140647
50000362,100361,Finance Campaign 0362,Finance,2026-06-03,2026-06-08,230521,145791
50000363,100988,Retail Campaign 0363,Retail,2026-06-04,2026-06-10,209719,90600
50000364,100133,Education Campaign 0364,Education,2026-06-05,2026-06-12,217492,21521
50000365,100875,Technology Campaign 0365,Technology,2026-06-06,2026-06-14,299219,31494
50000366,100210,Transport Campaign 0366,Transport,2026-06-07,2026-06-16,208149,138777
50000367,100884,Entertainment Campaign 0367,Entertainment,2026-06-08,2026-06-18,293360,169201
50000368,100691,Finance Campaign 0368,Finance,2026-06-09,2026-06-20,100408,32761
50000369,100380,Retail Campaign 0369,Retail,2026-06-10,2026-06-22,213727,94174
50000370,100903,Education Campaign 0370,Education,2026-06-11,2026-06-24,254229,34558
50000371,100335,Technology Campaign 0371,Technology,2026-06-12,2026-06-26,63539,163433
50000372,100555,Transport Campaign 0372,Transport,2026-06-13,2026-06-16,202887,119979
50000373,100688,Entertainment Campaign 0373,Entertainment,2026-06-14,2026-06-18,149558,86889
50000374,100783,Finance Campaign 0374,Finance,2026-06-15,2026-06-20,107935,124573
50000375,100699,Retail Campaign 0375,Retail,2026-06-16,2026-06-22,50377,74584
50000376,100781,Education Campaign 0376,Education,2026-06-17,2026-06-24,146843,125485
50000377,100913,Technology Campaign 0377,Technology,2026-06-18,2026-06-26,214651,60405
50000378,100752,Transport Campaign 0378,Transport,2026-06-19,2026-06-28,123262,148672
50000379,100450,Entertainment Campaign 0379,Entertainment,2026-06-20,2026-06-30,158340,101291
50000380,100562,Finance Campaign 0380,Finance,2026-06-21,2026-07-02,224558,178207
50000381,100784,Retail Campaign 0381,Retail,2026-06-22,2026-07-04,139121,45195
50000382,100503,Education Campaign 0382,Education,2026-06-23,2026-07-06,141326,154388
50000383,100868,Technology Campaign 0383,Technology,2026-06-24,2026-07-08,173351,136770
50000384,100571,Transport Campaign 0384,Transport,2026-06-25,2026-06-28,146735,144895
50000385,100952,Entertainment Campaign 0385,Entertainment,2026-06-26,2026-06-30,192602,177375
50000386,100112,Finance Campaign 0386,Finance,2026-06-27,2026-07-02,68651,130765
50000387,100516,Retail Campaign 0387,Retail,2026-06-28,2026-07-04,141530,68852
50000388,100137,Education Campaign 0388,Education,2026-06-29,2026-07-06,210330,131677
50000389,100801,Technology Campaign 0389,Technology,2026-06-30,2026-07-08,55600,154569
50000390,100056,Transport Campaign 0390,Transport,2026-07-01,2026-07-10,166510,78780
50000391,100377,Entertainment Campaign 0391,Entertainment,2026-07-02,2026-07-12,224892,60650
50000392,100674,Finance Campaign 0392,Finance,2026-07-03,2026-07-14,174845,158222
50000393,100372,Retail Campaign 0393,Retail,2026-07-04,2026-07-16,214666,157541
50000394,100826,Education Campaign 0394,Education,2026-07-05,2026-07-18,121206,142740
50000395,100189,Technology Campaign 0395,Technology,2026-07-06,2026-07-20,65757,145202
50000396,100056,Transport Campaign 0396,Transport,2026-07-07,2026-07-10,83956,53499
50000397,100456,Entertainment Campaign 0397,Entertainment,2026-07-08,2026-07-12,281690,98750
50000398,100624,Finance Campaign 0398,Finance,2026-07-09,2026-07-14,110183,157125
50000399,100207,Retail Campaign 0399,Retail,2026-07-10,2026-07-16,122458,169038
50000400,100831,Education Campaign 0400,Education,2026-07-11,2026-07-18,189439,40062
50000401,100723,Technology Campaign 0401,Technology,2026-07-12,2026-07-20,56821,154588
50000402,100907,Transport Campaign 0402,Transport,2026-07-13,2026-07-22,178864,131388
50000403,100220,Entertainment Campaign 0403,Entertainment,2026-07-14,2026-07-24,69768,141806
50000404,100481,Finance Campaign 0404,Finance,2026-07-15,2026-07-26,233824,169023
50000405,100644,Retail Campaign 0405,Retail,2026-06-01,2026-06-13,111422,113181
50000406,100079,Education Campaign 0406,Education,2026-06-02,2026-06-15,198503,41435
50000407,100613,Technology Campaign 0407,Technology,2026-06-03,2026-06-17,176974,24264
50000408,100955,Transport Campaign 0408,Transport,2026-06-04,2026-06-07,239121,141340
50000409,100023,Entertainment Campaign 0409,Entertainment,2026-06-05,2026-06-09,251091,67764
50000410,100710,Finance Campaign 0410,Finance,2026-06-06,2026-06-11,148011,31864
50000411,100945,Retail Campaign 0411,Retail,2026-06-07,2026-06-13,154117,98026
50000412,100182,Education Campaign 0412,Education,2026-06-08,2026-06-15,198933,139275
50000413,100643,Technology Campaign 0413,Technology,2026-06-09,2026-06-17,220704,137951
50000414,100513,Transport Campaign 0414,Transport,2026-06-10,2026-06-19,256768,89487
50000415,100231,Entertainment Campaign 0415,Entertainment,2026-06-11,2026-06-21,298419,69071
50000416,100105,Finance Campaign 0416,Finance,2026-06-12,2026-06-23,93519,40505
50000417,100660,Retail Campaign 0417,Retail,2026-06-13,2026-06-25,203348,87978
50000418,100795,Education Campaign 0418,Education,2026-06-14,2026-06-27,221530,47873
50000419,100354,Technology Campaign 0419,Technology,2026-06-15,2026-06-29,185083,24696
50000420,100928,Transport Campaign 0420,Transport,2026-06-16,2026-06-19,148529,50586
50000421,100943,Entertainment Campaign 0421,Entertainment,2026-06-17,2026-06-21,90019,145074
50000422,100402,Finance Campaign 0422,Finance,2026-06-18,2026-06-23,226352,126192
50000423,100827,Retail Campaign 0423,Retail,2026-06-19,2026-06-25,217416,177781
50000424,100688,Education Campaign 0424,Education,2026-06-20,2026-06-27,172591,99377
50000425,100585,Technology Campaign 0425,Technology,2026-06-21,2026-06-29,258157,114562
50000426,100666,Transport Campaign 0426,Transport,2026-06-22,2026-07-01,221633,123546
50000427,100789,Entertainment Campaign 0427,Entertainment,2026-06-23,2026-07-03,124339,42973
50000428,100101,Finance Campaign 0428,Finance,2026-06-24,2026-07-05,80419,23637
50000429,100175,Retail Campaign 0429,Retail,2026-06-25,2026-07-07,74337,24164
50000430,100699,Education Campaign 0430,Education,2026-06-26,2026-07-09,299416,69341
50000431,100873,Technology Campaign 0431,Technology,2026-06-27,2026-07-11,52029,74848
50000432,100493,Transport Campaign 0432,Transport,2026-06-28,2026-07-01,215032,58051
50000433,100673,Entertainment Campaign 0433,Entertainment,2026-06-29,2026-07-03,108381,134239
50000434,100877,Finance Campaign 0434,Finance,2026-06-30,2026-07-05,209117,161186
50000435,100217,Retail Campaign 0435,Retail,2026-07-01,2026-07-07,67568,98883
50000436,100817,Education Campaign 0436,Education,2026-07-02,2026-07-09,166484,58840
50000437,100521,Technology Campaign 0437,Technology,2026-07-03,2026-07-11,155593,25719
50000438,100162,Transport Campaign 0438,Transport,2026-07-04,2026-07-13,88543,59956
50000439,100806,Entertainment Campaign 0439,Entertainment,2026-07-05,2026-07-15,229181,136723
50000440,100037,Finance Campaign 0440,Finance,2026-07-06,2026-07-17,172152,143598
50000441,100084,Retail Campaign 0441,Retail,2026-07-07,2026-07-19,270390,137837
50000442,100670,Education Campaign 0442,Education,2026-07-08,2026-07-21,108603,72779
50000443,100379,Technology Campaign 0443,Technology,2026-07-09,2026-07-23,194272,122690
50000444,100137,Transport Campaign 0444,Transport,2026-07-10,2026-07-13,132516,22064
50000445,100197,Entertainment Campaign 0445,Entertainment,2026-07-11,2026-07-15,210258,133190
50000446,100095,Finance Campaign 0446,Finance,2026-07-12,2026-07-17,153969,149945
50000447,100860,Retail Campaign 0447,Retail,2026-07-13,2026-07-19,196692,176195
50000448,100861,Education Campaign 0448,Education,2026-07-14,2026-07-21,190307,96224
50000449,100157,Technology Campaign 0449,Technology,2026-07-15,2026-07-23,172794,124773
50000450,100624,Transport Campaign 0450,Transport,2026-06-01,2026-06-10,179573,174937
50000451,100876,Entertainment Campaign 0451,Entertainment,2026-06-02,2026-06-12,205299,147900
50000452,100378,Finance Campaign 0452,Finance,2026-06-03,2026-06-14,232246,35913
50000453,100688,Retail Campaign 0453,Retail,2026-06-04,2026-06-16,49985,130625
50000454,100745,Education Campaign 0454,Education,2026-06-05,2026-06-18,127798,165032
50000455,100227,Technology Campaign 0455,Technology,2026-06-06,2026-06-20,115214,129350
50000456,100073,Transport Campaign 0456,Transport,2026-06-07,2026-06-10,169082,50655
50000457,100682,Entertainment Campaign 0457,Entertainment,2026-06-08,2026-06-12,208236,110902
50000458,100642,Finance Campaign 0458,Finance,2026-06-09,2026-06-14,227849,134355
50000459,100211,Retail Campaign 0459,Retail,2026-06-10,2026-06-16,87292,95500
50000460,100940,Education Campaign 0460,Education,2026-06-11,2026-06-18,95384,143008
50000461,100556,Technology Campaign 0461,Technology,2026-06-12,2026-06-20,159848,80844
50000462,100730,Transport Campaign 0462,Transport,2026-06-13,2026-06-22,102593,174051
50000463,100142,Entertainment Campaign 0463,Entertainment,2026-06-14,2026-06-24,224561,108906
50000464,100162,Finance Campaign 0464,Finance,2026-06-15,2026-06-26,202836,142805
50000465,100366,Retail Campaign 0465,Retail,2026-06-16,2026-06-28,276518,96911
50000466,100979,Education Campaign 0466,Education,2026-06-17,2026-06-30,231485,122333
50000467,100222,Technology Campaign 0467,Technology,2026-06-18,2026-07-02,154277,114438
50000468,100062,Transport Campaign 0468,Transport,2026-06-19,2026-06-22,168817,62474
50000469,100896,Entertainment Campaign 0469,Entertainment,2026-06-20,2026-06-24,99318,94044
50000470,100974,Finance Campaign 0470,Finance,2026-06-21,2026-06-26,241412,42594
50000471,100957,Retail Campaign 0471,Retail,2026-06-22,2026-06-28,171586,53841
50000472,100458,Education Campaign 0472,Education,2026-06-23,2026-06-30,97293,60976
50000473,100908,Technology Campaign 0473,Technology,2026-06-24,2026-07-02,174023,46451
50000474,100101,Transport Campaign 0474,Transport,2026-06-25,2026-07-04,154047,149427
50000475,100612,Entertainment Campaign 0475,Entertainment,2026-06-26,2026-07-06,106530,74901
50000476,100879,Finance Campaign 0476,Finance,2026-06-27,2026-07-08,57333,24752
50000477,100683,Retail Campaign 0477,Retail,2026-06-28,2026-07-10,275924,88369
50000478,100688,Education Campaign 0478,Education,2026-06-29,2026-07-12,222452,61577
50000479,100508,Technology Campaign 0479,Technology,2026-06-30,2026-07-14,262041,151983
50000480,100369,Transport Campaign 0480,Transport,2026-07-01,2026-07-04,256501,36689
50000481,100689,Entertainment Campaign 0481,Entertainment,2026-07-02,2026-07-06,157884,49876
50000482,100983,Finance Campaign 0482,Finance,2026-07-03,2026-07-08,104425,51637
50000483,100933,Retail Campaign 0483,Retail,2026-07-04,2026-07-10,103745,147497
50000484,100629,Education Campaign 0484,Education,2026-07-05,2026-07-12,134213,113124
50000485,100153,Technology Campaign 0485,Technology,2026-07-06,2026-07-14,57235,166020
50000486,100652,Transport Campaign 0486,Transport,2026-07-07,2026-07-16,279964,59630
50000487,100253,Entertainment Campaign 0487,Entertainment,2026-07-08,2026-07-18,225914,155105
50000488,100005,Finance Campaign 0488,Finance,2026-07-09,2026-07-20,220501,47300
50000489,100117,Retail Campaign 0489,Retail,2026-07-10,2026-07-22,58217,134773
50000490,100219,Education Campaign 0490,Education,2026-07-11,2026-07-24,164835,49079
50000491,100406,Technology Campaign 0491,Technology,2026-07-12,2026-07-26,72758,179817
50000492,100215,Transport Campaign 0492,Transport,2026-07-13,2026-07-16,270021,46704
50000493,100265,Entertainment Campaign 0493,Entertainment,2026-07-14,2026-07-18,192448,31002
50000494,100954,Finance Campaign 0494,Finance,2026-07-15,2026-07-20,72632,63790
50000495,100081,Retail Campaign 0495,Retail,2026-06-01,2026-06-07,75948,73840
50000496,100375,Education Campaign 0496,Education,2026-06-02,2026-06-09,139801,61165
50000497,100195,Technology Campaign 0497,Technology,2026-06-03,2026-06-11,121578,135741
50000498,100237,Transport Campaign 0498,Transport,2026-06-04,2026-06-13,177617,150650
50000499,100214,Entertainment Campaign 0499,Entertainment,2026-06-05,2026-06-15,273194,46029
50000500,100634,Finance Campaign 0500,Finance,2026-06-06,2026-06-17,214631,115351
50000501,100826,Retail Campaign 0501,Retail,2026-06-07,2026-06-19,259738,56116
50000502,100616,Education Campaign 0502,Education,2026-06-08,2026-06-21,267454,72924
50000503,100947,Technology Campaign 0503,Technology,2026-06-09,2026-06-23,299184,128986
50000504,100286,Transport Campaign 0504,Transport,2026-06-10,2026-06-13,246597,21726
50000505,100763,Entertainment Campaign 0505,Entertainment,2026-06-11,2026-06-15,263841,144168
50000506,100868,Finance Campaign 0506,Finance,2026-06-12,2026-06-17,120171,152388
50000507,100701,Retail Campaign 0507,Retail,2026-06-13,2026-06-19,67343,89734
50000508,100914,Education Campaign 0508,Education,2026-06-14,2026-06-21,232485,128792
50000509,100909,Technology Campaign 0509,Technology,2026-06-15,2026-06-23,210004,84343
50000510,100702,Transport Campaign 0510,Transport,2026-06-16,2026-06-25,242448,158844
50000511,100985,Entertainment Campaign 0511,Entertainment,2026-06-17,2026-06-27,251363,79816
50000512,100702,Finance Campaign 0512,Finance,2026-06-18,2026-06-29,255178,132413
50000513,100991,Retail Campaign 0513,Retail,2026-06-19,2026-07-01,285653,127297
50000514,100488,Education Campaign 0514,Education,2026-06-20,2026-07-03,165259,155307
50000515,100389,Technology Campaign 0515,Technology,2026-06-21,2026-07-05,223834,114836
50000516,100549,Transport Campaign 0516,Transport,2026-06-22,2026-06-25,52802,136019
50000517,100745,Entertainment Campaign 0517,Entertainment,2026-06-23,2026-06-27,246890,22607
50000518,100331,Finance Campaign 0518,Finance,2026-06-24,2026-06-29,256352,155619
50000519,100570,Retail Campaign 0519,Retail,2026-06-25,2026-07-01,63240,42224
50000520,100963,Education Campaign 0520,Education,2026-06-26,2026-07-03,127524,125290
50000521,100623,Technology Campaign 0521,Technology,2026-06-27,2026-07-05,247472,63076
50000522,100069,Transport Campaign 0522,Transport,2026-06-28,2026-07-07,61113,123092
50000523,100409,Entertainment Campaign 0523,Entertainment,2026-06-29,2026-07-09,54723,59571
50000524,100563,Finance Campaign 0524,Finance,2026-06-30,2026-07-11,195616,35154
50000525,100647,Retail Campaign 0525,Retail,2026-07-01,2026-07-13,210572,156256
50000526,100649,Education Campaign 0526,Education,2026-07-02,2026-07-15,122522,129918
50000527,100071,Technology Campaign 0527,Technology,2026-07-03,2026-07-17,277202,165125
50000528,100561,Transport Campaign 0528,Transport,2026-07-04,2026-07-07,124776,102233
50000529,100605,Entertainment Campaign 0529,Entertainment,2026-07-05,2026-07-09,135218,22071
50000530,100527,Finance Campaign 0530,Finance,2026-07-06,2026-07-11,118342,158357
50000531,100313,Retail Campaign 0531,Retail,2026-07-07,2026-07-13,286290,58498
50000532,100412,Education Campaign 0532,Education,2026-07-08,2026-07-15,150889,136965
50000533,100361,Technology Campaign 0533,Technology,2026-07-09,2026-07-17,98774,162717
50000534,100348,Transport Campaign 0534,Transport,2026-07-10,2026-07-19,251659,135905
50000535,100430,Entertainment Campaign 0535,Entertainment,2026-07-11,2026-07-21,135505,126038
50000536,100517,Finance Campaign 0536,Finance,2026-07-12,2026-07-23,96719,99044
50000537,100822,Retail Campaign 0537,Retail,2026-07-13,2026-07-25,54691,160884
50000538,100079,Education Campaign 0538,Education,2026-07-14,2026-07-27,147234,53031
50000539,100276,Technology Campaign 0539,Technology,2026-07-15,2026-07-29,186764,94429
50000540,100975,Transport Campaign 0540,Transport,2026-06-01,2026-06-04,69332,154131
50000541,100323,Entertainment Campaign 0541,Entertainment,2026-06-02,2026-06-06,126855,156665
50000542,100113,Finance Campaign 0542,Finance,2026-06-03,2026-06-08,243455,61950
50000543,100801,Retail Campaign 0543,Retail,2026-06-04,2026-06-10,52311,161540
50000544,100385,Education Campaign 0544,Education,2026-06-05,2026-06-12,112814,83265
50000545,100638,Technology Campaign 0545,Technology,2026-06-06,2026-06-14,247940,99676
50000546,100536,Transport Campaign 0546,Transport,2026-06-07,2026-06-16,155820,152454
50000547,100919,Entertainment Campaign 0547,Entertainment,2026-06-08,2026-06-18,236885,35714
50000548,100668,Finance Campaign 0548,Finance,2026-06-09,2026-06-20,142774,88093
50000549,100456,Retail Campaign 0549,Retail,2026-06-10,2026-06-22,178037,112923
50000550,100953,Education Campaign 0550,Education,2026-06-11,2026-06-24,57512,52702
50000551,100287,Technology Campaign 0551,Technology,2026-06-12,2026-06-26,123108,170060
50000552,100589,Transport Campaign 0552,Transport,2026-06-13,2026-06-16,46366,138789
50000553,100189,Entertainment Campaign 0553,Entertainment,2026-06-14,2026-06-18,106891,172461
50000554,100428,Finance Campaign 0554,Finance,2026-06-15,2026-06-20,232340,159798
50000555,100720,Retail Campaign 0555,Retail,2026-06-16,2026-06-22,201119,81299
50000556,100221,Education Campaign 0556,Education,2026-06-17,2026-06-24,123433,94589
50000557,100552,Technology Campaign 0557,Technology,2026-06-18,2026-06-26,250727,170147
50000558,100565,Transport Campaign 0558,Transport,2026-06-19,2026-06-28,81692,119002
50000559,100416,Entertainment Campaign 0559,Entertainment,2026-06-20,2026-06-30,238334,84915
50000560,1004,Finance Campaign 0560,Finance,2026-06-21,2026-07-02,130943,155384
50000561,100494,Retail Campaign 0561,Retail,2026-06-22,2026-07-04,95477,114704
50000562,100370,Education Campaign 0562,Education,2026-06-23,2026-07-06,70686,58418
50000563,100640,Technology Campaign 0563,Technology,2026-06-24,2026-07-08,156592,128017
50000564,100002,Transport Campaign 0564,Transport,2026-06-25,2026-06-28,69182,36303
50000565,100361,Entertainment Campaign 0565,Entertainment,2026-06-26,2026-06-30,277917,54095
50000566,100420,Finance Campaign 0566,Finance,2026-06-27,2026-07-02,101304,136959
50000567,100019,Retail Campaign 0567,Retail,2026-06-28,2026-07-04,141808,157954
50000568,100359,Education Campaign 0568,Education,2026-06-29,2026-07-06,199203,166530
50000569,100485,Technology Campaign 0569,Technology,2026-06-30,2026-07-08,249164,123489
50000570,100853,Transport Campaign 0570,Transport,2026-07-01,2026-07-10,114125,173171
50000571,100478,Entertainment Campaign 0571,Entertainment,2026-07-02,2026-07-12,211844,130997
50000572,100425,Finance Campaign 0572,Finance,2026-07-03,2026-07-14,225621,148330
50000573,100731,Retail Campaign 0573,Retail,2026-07-04,2026-07-16,154293,62688
50000574,100136,Education Campaign 0574,Education,2026-07-05,2026-07-18,177588,53324
50000575,100492,Technology Campaign 0575,Technology,2026-07-06,2026-07-20,231423,139986
50000576,100135,Transport Campaign 0576,Transport,2026-07-07,2026-07-10,298763,154528
50000577,100893,Entertainment Campaign 0577,Entertainment,2026-07-08,2026-07-12,183711,50948
50000578,100728,Finance Campaign 0578,Finance,2026-07-09,2026-07-14,100742,139388
50000579,100508,Retail Campaign 0579,Retail,2026-07-10,2026-07-16,53547,61114
50000580,100997,Education Campaign 0580,Education,2026-07-11,2026-07-18,191545,116818
50000581,100981,Technology Campaign 0581,Technology,2026-07-12,2026-07-20,294514,51133
50000582,100661,Transport Campaign 0582,Transport,2026-07-13,2026-07-22,268429,127117
50000583,100164,Entertainment Campaign 0583,Entertainment,2026-07-14,2026-07-24,76684,116884
50000584,100644,Finance Campaign 0584,Finance,2026-07-15,2026-07-26,120914,30559
50000585,100601,Retail Campaign 0585,Retail,2026-06-01,2026-06-13,85187,50865
50000586,100453,Education Campaign 0586,Education,2026-06-02,2026-06-15,124934,118162
50000587,100390,Technology Campaign 0587,Technology,2026-06-03,2026-06-17,122065,147382
50000588,100115,Transport Campaign 0588,Transport,2026-06-04,2026-06-07,252409,57452
50000589,100239,Entertainment Campaign 0589,Entertainment,2026-06-05,2026-06-09,250466,174566
50000590,100532,Finance Campaign 0590,Finance,2026-06-06,2026-06-11,57753,99996
50000591,100012,Retail Campaign 0591,Retail,2026-06-07,2026-06-13,119313,76513
50000592,100302,Education Campaign 0592,Education,2026-06-08,2026-06-15,259728,148134
50000593,100124,Technology Campaign 0593,Technology,2026-06-09,2026-06-17,77067,163533
50000594,100486,Transport Campaign 0594,Transport,2026-06-10,2026-06-19,62711,31713
50000595,100563,Entertainment Campaign 0595,Entertainment,2026-06-11,2026-06-21,171137,170224
50000596,100460,Finance Campaign 0596,Finance,2026-06-12,2026-06-23,193311,138587
50000597,100065,Retail Campaign 0597,Retail,2026-06-13,2026-06-25,133558,118908
50000598,100643,Education Campaign 0598,Education,2026-06-14,2026-06-27,263748,178783
50000599,100299,Technology Campaign 0599,Technology,2026-06-15,2026-06-29,244740,56312
50000600,100687,Transport Campaign 0600,Transport,2026-06-16,2026-06-19,211844,140831
50000601,100957,Entertainment Campaign 0601,Entertainment,2026-06-17,2026-06-21,162946,137722
50000602,100337,Finance Campaign 0602,Finance,2026-06-18,2026-06-23,272107,105253
50000603,100283,Retail Campaign 0603,Retail,2026-06-19,2026-06-25,254665,127381
50000604,100595,Education Campaign 0604,Education,2026-06-20,2026-06-27,106032,123650
50000605,100553,Technology Campaign 0605,Technology,2026-06-21,2026-06-29,186818,32011
50000606,100188,Transport Campaign 0606,Transport,2026-06-22,2026-07-01,220752,136155
50000607,100973,Entertainment Campaign 0607,Entertainment,2026-06-23,2026-07-03,117712,43207
50000608,100107,Finance Campaign 0608,Finance,2026-06-24,2026-07-05,88414,26502
50000609,100819,Retail Campaign 0609,Retail,2026-06-25,2026-07-07,210179,100962
50000610,100815,Education Campaign 0610,Education,2026-06-26,2026-07-09,214124,52448
50000611,100907,Technology Campaign 0611,Technology,2026-06-27,2026-07-11,191630,42322
50000612,100452,Transport Campaign 0612,Transport,2026-06-28,2026-07-01,295391,162038
50000613,100852,Entertainment Campaign 0613,Entertainment,2026-06-29,2026-07-03,243604,33860
50000614,100243,Finance Campaign 0614,Finance,2026-06-30,2026-07-05,194486,156774
50000615,100469,Retail Campaign 0615,Retail,2026-07-01,2026-07-07,241754,144737
50000616,100797,Education Campaign 0616,Education,2026-07-02,2026-07-09,280107,24892
50000617,100413,Technology Campaign 0617,Technology,2026-07-03,2026-07-11,217557,159423
50000618,100481,Transport Campaign 0618,Transport,2026-07-04,2026-07-13,297281,24973
50000619,100585,Entertainment Campaign 0619,Entertainment,2026-07-05,2026-07-15,251243,73950
50000620,100562,Finance Campaign 0620,Finance,2026-07-06,2026-07-17,262498,171926
50000621,100772,Retail Campaign 0621,Retail,2026-07-07,2026-07-19,67189,159865
50000622,100946,Education Campaign 0622,Education,2026-07-08,2026-07-21,128999,125328
50000623,100935,Technology Campaign 0623,Technology,2026-07-09,2026-07-23,56792,148836
50000624,100215,Transport Campaign 0624,Transport,2026-07-10,2026-07-13,289802,26098
50000625,100694,Entertainment Campaign 0625,Entertainment,2026-07-11,2026-07-15,159561,67319
50000626,100777,Finance Campaign 0626,Finance,2026-07-12,2026-07-17,51306,158386
50000627,100684,Retail Campaign 0627,Retail,2026-07-13,2026-07-19,145141,87417
50000628,100460,Education Campaign 0628,Education,2026-07-14,2026-07-21,75053,46039
50000629,100928,Technology Campaign 0629,Technology,2026-07-15,2026-07-23,89081,94803
50000630,100528,Transport Campaign 0630,Transport,2026-06-01,2026-06-10,92885,86992
50000631,100168,Entertainment Campaign 0631,Entertainment,2026-06-02,2026-06-12,68495,60429
50000632,100709,Finance Campaign 0632,Finance,2026-06-03,2026-06-14,294604,126765
50000633,100090,Retail Campaign 0633,Retail,2026-06-04,2026-06-16,89352,35443
50000634,100032,Education Campaign 0634,Education,2026-06-05,2026-06-18,296952,105273
50000635,100601,Technology Campaign 0635,Technology,2026-06-06,2026-06-20,52122,35335
50000636,100728,Transport Campaign 0636,Transport,2026-06-07,2026-06-10,147220,45885
50000637,100757,Entertainment Campaign 0637,Entertainment,2026-06-08,2026-06-12,82345,128219
50000638,100345,Finance Campaign 0638,Finance,2026-06-09,2026-06-14,129991,87615
50000639,100828,Retail Campaign 0639,Retail,2026-06-10,2026-06-16,291828,51710
50000640,100504,Education Campaign 0640,Education,2026-06-11,2026-06-18,98099,82815
50000641,100222,Technology Campaign 0641,Technology,2026-06-12,2026-06-20,201501,173624
50000642,100707,Transport Campaign 0642,Transport,2026-06-13,2026-06-22,174231,153332
50000643,100236,Entertainment Campaign 0643,Entertainment,2026-06-14,2026-06-24,177231,120938
50000644,100445,Finance Campaign 0644,Finance,2026-06-15,2026-06-26,75167,90592
50000645,100548,Retail Campaign 0645,Retail,2026-06-16,2026-06-28,128449,141850
50000646,100053,Education Campaign 0646,Education,2026-06-17,2026-06-30,151712,37159
50000647,100995,Technology Campaign 0647,Technology,2026-06-18,2026-07-02,52577,126822
50000648,100149,Transport Campaign 0648,Transport,2026-06-19,2026-06-22,106273,24881
50000649,100789,Entertainment Campaign 0649,Entertainment,2026-06-20,2026-06-24,190247,173661
50000650,100206,Finance Campaign 0650,Finance,2026-06-21,2026-06-26,71610,84570
50000651,100303,Retail Campaign 0651,Retail,2026-06-22,2026-06-28,190413,52917
50000652,100846,Education Campaign 0652,Education,2026-06-23,2026-06-30,193962,126626
50000653,100998,Technology Campaign 0653,Technology,2026-06-24,2026-07-02,66996,151185
50000654,100757,Transport Campaign 0654,Transport,2026-06-25,2026-07-04,250227,57320
50000655,100938,Entertainment Campaign 0655,Entertainment,2026-06-26,2026-07-06,186673,64089
50000656,100357,Finance Campaign 0656,Finance,2026-06-27,2026-07-08,109267,160911
50000657,100539,Retail Campaign 0657,Retail,2026-06-28,2026-07-10,156084,165529
50000658,100033,Education Campaign 0658,Education,2026-06-29,2026-07-12,55955,20262
50000659,100410,Technology Campaign 0659,Technology,2026-06-30,2026-07-14,166805,95825
50000660,100253,Transport Campaign 0660,Transport,2026-07-01,2026-07-04,299825,63878
50000661,100598,Entertainment Campaign 0661,Entertainment,2026-07-02,2026-07-06,60774,146402
50000662,100884,Finance Campaign 0662,Finance,2026-07-03,2026-07-08,201727,85769
50000663,100465,Retail Campaign 0663,Retail,2026-07-04,2026-07-10,223257,119654
50000664,100978,Education Campaign 0664,Education,2026-07-05,2026-07-12,265840,75772
50000665,100219,Technology Campaign 0665,Technology,2026-07-06,2026-07-14,265380,153779
50000666,100921,Transport Campaign 0666,Transport,2026-07-07,2026-07-16,56923,62314
50000667,100390,Entertainment Campaign 0667,Entertainment,2026-07-08,2026-07-18,185008,167608
50000668,100718,Finance Campaign 0668,Finance,2026-07-09,2026-07-20,123810,43518
50000669,100052,Retail Campaign 0669,Retail,2026-07-10,2026-07-22,228089,52237
50000670,100505,Education Campaign 0670,Education,2026-07-11,2026-07-24,81608,165877
50000671,100954,Technology Campaign 0671,Technology,2026-07-12,2026-07-26,275235,133236
50000672,100890,Transport Campaign 0672,Transport,2026-07-13,2026-07-16,205024,152335
50000673,100656,Entertainment Campaign 0673,Entertainment,2026-07-14,2026-07-18,255254,103441
50000674,100588,Finance Campaign 0674,Finance,2026-07-15,2026-07-20,223808,109819
50000675,100340,Retail Campaign 0675,Retail,2026-06-01,2026-06-07,113514,138677
50000676,100982,Education Campaign 0676,Education,2026-06-02,2026-06-09,109468,104315
50000677,100053,Technology Campaign 0677,Technology,2026-06-03,2026-06-11,100213,140533
50000678,100693,Transport Campaign 0678,Transport,2026-06-04,2026-06-13,202158,106103
50000679,100740,Entertainment Campaign 0679,Entertainment,2026-06-05,2026-06-15,284604,55055
50000680,100386,Finance Campaign 0680,Finance,2026-06-06,2026-06-17,286764,20536
50000681,100355,Retail Campaign 0681,Retail,2026-06-07,2026-06-19,169919,21121
50000682,100662,Education Campaign 0682,Education,2026-06-08,2026-06-21,47510,65491
50000683,100169,Technology Campaign 0683,Technology,2026-06-09,2026-06-23,190697,148182
50000684,100533,Transport Campaign 0684,Transport,2026-06-10,2026-06-13,147967,161067
50000685,100849,Entertainment Campaign 0685,Entertainment,2026-06-11,2026-06-15,251387,40322
50000686,100318,Finance Campaign 0686,Finance,2026-06-12,2026-06-17,53112,136700
50000687,100462,Retail Campaign 0687,Retail,2026-06-13,2026-06-19,77352,112535
50000688,100776,Education Campaign 0688,Education,2026-06-14,2026-06-21,258065,118664
50000689,100635,Technology Campaign 0689,Technology,2026-06-15,2026-06-23,202630,113838
50000690,100191,Transport Campaign 0690,Transport,2026-06-16,2026-06-25,91448,22210
50000691,100935,Entertainment Campaign 0691,Entertainment,2026-06-17,2026-06-27,166292,117119
50000692,100767,Finance Campaign 0692,Finance,2026-06-18,2026-06-29,95591,136543
50000693,100831,Retail Campaign 0693,Retail,2026-06-19,2026-07-01,103070,25185
50000694,100599,Education Campaign 0694,Education,2026-06-20,2026-07-03,118697,113800
50000695,100026,Technology Campaign 0695,Technology,2026-06-21,2026-07-05,68584,99476
50000696,100664,Transport Campaign 0696,Transport,2026-06-22,2026-06-25,233169,77972
50000697,100083,Entertainment Campaign 0697,Entertainment,2026-06-23,2026-06-27,174448,115158
50000698,100894,Finance Campaign 0698,Finance,2026-06-24,2026-06-29,118598,149194
50000699,100784,Retail Campaign 0699,Retail,2026-06-25,2026-07-01,229561,178866
50000700,100079,Education Campaign 0700,Education,2026-06-26,2026-07-03,46870,71402
50000701,100712,Technology Campaign 0701,Technology,2026-06-27,2026-07-05,212362,123831
50000702,100998,Transport Campaign 0702,Transport,2026-06-28,2026-07-07,273043,92704
50000703,100468,Entertainment Campaign 0703,Entertainment,2026-06-29,2026-07-09,176157,149502
50000704,100067,Finance Campaign 0704,Finance,2026-06-30,2026-07-11,189647,70795
50000705,100575,Retail Campaign 0705,Retail,2026-07-01,2026-07-13,238675,168296
50000706,100595,Education Campaign 0706,Education,2026-07-02,2026-07-15,223882,178065
50000707,100492,Technology Campaign 0707,Technology,2026-07-03,2026-07-17,91013,37133
50000708,100523,Transport Campaign 0708,Transport,2026-07-04,2026-07-07,78619,37052
50000709,100058,Entertainment Campaign 0709,Entertainment,2026-07-05,2026-07-09,113058,169396
50000710,100811,Finance Campaign 0710,Finance,2026-07-06,2026-07-11,104759,157122
50000711,100688,Retail Campaign 0711,Retail,2026-07-07,2026-07-13,250062,91913
50000712,100145,Education Campaign 0712,Education,2026-07-08,2026-07-15,267210,26060
50000713,100949,Technology Campaign 0713,Technology,2026-07-09,2026-07-17,226662,159707
50000714,100592,Transport Campaign 0714,Transport,2026-07-10,2026-07-19,111301,166831
50000715,100874,Entertainment Campaign 0715,Entertainment,2026-07-11,2026-07-21,163994,20512
50000716,100937,Finance Campaign 0716,Finance,2026-07-12,2026-07-23,156965,33595
50000717,100858,Retail Campaign 0717,Retail,2026-07-13,2026-07-25,291090,104672
50000718,100433,Education Campaign 0718,Education,2026-07-14,2026-07-27,266339,126660
50000719,100278,Technology Campaign 0719,Technology,2026-07-15,2026-07-29,76907,155867
50000720,100482,Transport Campaign 0720,Transport,2026-06-01,2026-06-04,174911,114757
50000721,100541,Entertainment Campaign 0721,Entertainment,2026-06-02,2026-06-06,243972,31394
50000722,100924,Finance Campaign 0722,Finance,2026-06-03,2026-06-08,234063,78863
50000723,100074,Retail Campaign 0723,Retail,2026-06-04,2026-06-10,117858,130116
50000724,100578,Education Campaign 0724,Education,2026-06-05,2026-06-12,162666,102900
50000725,100045,Technology Campaign 0725,Technology,2026-06-06,2026-06-14,147723,71015
50000726,100389,Transport Campaign 0726,Transport,2026-06-07,2026-06-16,66445,169899
50000727,100881,Entertainment Campaign 0727,Entertainment,2026-06-08,2026-06-18,51651,79147
50000728,100056,Finance Campaign 0728,Finance,2026-06-09,2026-06-20,225761,131101
50000729,100042,Retail Campaign 0729,Retail,2026-06-10,2026-06-22,64514,85531
50000730,100276,Education Campaign 0730,Education,2026-06-11,2026-06-24,88117,106304
50000731,100400,Technology Campaign 0731,Technology,2026-06-12,2026-06-26,61474,45356
50000732,100117,Transport Campaign 0732,Transport,2026-06-13,2026-06-16,170820,133232
50000733,100923,Entertainment Campaign 0733,Entertainment,2026-06-14,2026-06-18,51297,175328
50000734,100919,Finance Campaign 0734,Finance,2026-06-15,2026-06-20,209180,107635
50000735,100970,Retail Campaign 0735,Retail,2026-06-16,2026-06-22,110643,84789
50000736,100227,Education Campaign 0736,Education,2026-06-17,2026-06-24,169145,82484
50000737,100099,Technology Campaign 0737,Technology,2026-06-18,2026-06-26,134339,34269
50000738,100972,Transport Campaign 0738,Transport,2026-06-19,2026-06-28,132448,156229
50000739,100951,Entertainment Campaign 0739,Entertainment,2026-06-20,2026-06-30,107060,39113
50000740,100939,Finance Campaign 0740,Finance,2026-06-21,2026-07-02,202277,134957
50000741,100934,Retail Campaign 0741,Retail,2026-06-22,2026-07-04,70079,137035
50000742,100751,Education Campaign 0742,Education,2026-06-23,2026-07-06,77722,42422
50000743,100157,Technology Campaign 0743,Technology,2026-06-24,2026-07-08,60908,28740
50000744,100559,Transport Campaign 0744,Transport,2026-06-25,2026-06-28,127124,37046
50000745,100981,Entertainment Campaign 0745,Entertainment,2026-06-26,2026-06-30,78432,36253
50000746,100122,Finance Campaign 0746,Finance,2026-06-27,2026-07-02,255340,135846
50000747,100250,Retail Campaign 0747,Retail,2026-06-28,2026-07-04,124028,133204
50000748,100268,Education Campaign 0748,Education,2026-06-29,2026-07-06,71693,34625
50000749,100780,Technology Campaign 0749,Technology,2026-06-30,2026-07-08,58684,97310
50000750,100079,Transport Campaign 0750,Transport,2026-07-01,2026-07-10,144996,125298
50000751,100320,Entertainment Campaign 0751,Entertainment,2026-07-02,2026-07-12,206822,127769
50000752,100467,Finance Campaign 0752,Finance,2026-07-03,2026-07-14,271645,177175
50000753,100036,Retail Campaign 0753,Retail,2026-07-04,2026-07-16,217942,22780
50000754,100707,Education Campaign 0754,Education,2026-07-05,2026-07-18,145642,141689
50000755,100058,Technology Campaign 0755,Technology,2026-07-06,2026-07-20,157225,46549
50000756,100604,Transport Campaign 0756,Transport,2026-07-07,2026-07-10,215635,26808
50000757,100728,Entertainment Campaign 0757,Entertainment,2026-07-08,2026-07-12,180584,106034
50000758,100872,Finance Campaign 0758,Finance,2026-07-09,2026-07-14,95457,48313
50000759,100383,Retail Campaign 0759,Retail,2026-07-10,2026-07-16,48221,176021
50000760,100009,Education Campaign 0760,Education,2026-07-11,2026-07-18,62706,175421
50000761,100094,Technology Campaign 0761,Technology,2026-07-12,2026-07-20,265405,70754
50000762,100219,Transport Campaign 0762,Transport,2026-07-13,2026-07-22,195264,53025
50000763,100958,Entertainment Campaign 0763,Entertainment,2026-07-14,2026-07-24,178404,87183
50000764,100676,Finance Campaign 0764,Finance,2026-07-15,2026-07-26,155364,146195
50000765,100056,Retail Campaign 0765,Retail,2026-06-01,2026-06-13,207752,136555
50000766,100517,Education Campaign 0766,Education,2026-06-02,2026-06-15,108740,56090
50000767,100144,Technology Campaign 0767,Technology,2026-06-03,2026-06-17,56552,35857
50000768,100471,Transport Campaign 0768,Transport,2026-06-04,2026-06-07,126701,173229
50000769,100794,Entertainment Campaign 0769,Entertainment,2026-06-05,2026-06-09,179512,113780
50000770,100673,Finance Campaign 0770,Finance,2026-06-06,2026-06-11,198004,161857
50000771,100150,Retail Campaign 0771,Retail,2026-06-07,2026-06-13,83174,58642
50000772,100849,Education Campaign 0772,Education,2026-06-08,2026-06-15,125917,178159
50000773,100727,Technology Campaign 0773,Technology,2026-06-09,2026-06-17,121300,116686
50000774,100370,Transport Campaign 0774,Transport,2026-06-10,2026-06-19,47118,155706
50000775,100990,Entertainment Campaign 0775,Entertainment,2026-06-11,2026-06-21,217406,57906
50000776,100455,Finance Campaign 0776,Finance,2026-06-12,2026-06-23,107229,152935
50000777,100236,Retail Campaign 0777,Retail,2026-06-13,2026-06-25,263936,166656
50000778,100284,Education Campaign 0778,Education,2026-06-14,2026-06-27,59314,130640
50000779,100770,Technology Campaign 0779,Technology,2026-06-15,2026-06-29,96224,72526
50000780,100074,Transport Campaign 0780,Transport,2026-06-16,2026-06-19,283157,72759
50000781,100230,Entertainment Campaign 0781,Entertainment,2026-06-17,2026-06-21,62931,109535
50000782,100632,Finance Campaign 0782,Finance,2026-06-18,2026-06-23,220075,144708
50000783,100151,Retail Campaign 0783,Retail,2026-06-19,2026-06-25,226361,142526
50000784,100061,Education Campaign 0784,Education,2026-06-20,2026-06-27,226512,106807
50000785,100326,Technology Campaign 0785,Technology,2026-06-21,2026-06-29,196626,168398
50000786,100447,Transport Campaign 0786,Transport,2026-06-22,2026-07-01,132991,98546
50000787,100902,Entertainment Campaign 0787,Entertainment,2026-06-23,2026-07-03,131145,62540
50000788,100588,Finance Campaign 0788,Finance,2026-06-24,2026-07-05,164092,31060
50000789,100995,Retail Campaign 0789,Retail,2026-06-25,2026-07-07,102515,20969
50000790,100143,Education Campaign 0790,Education,2026-06-26,2026-07-09,103464,80364
50000791,100979,Technology Campaign 0791,Technology,2026-06-27,2026-07-11,208556,75872
50000792,100753,Transport Campaign 0792,Transport,2026-06-28,2026-07-01,171024,106904
50000793,100336,Entertainment Campaign 0793,Entertainment,2026-06-29,2026-07-03,239007,118543
50000794,100733,Finance Campaign 0794,Finance,2026-06-30,2026-07-05,149939,68298
50000795,100369,Retail Campaign 0795,Retail,2026-07-01,2026-07-07,46763,115110
50000796,100547,Education Campaign 0796,Education,2026-07-02,2026-07-09,64328,113817
50000797,100574,Technology Campaign 0797,Technology,2026-07-03,2026-07-11,190409,50196
50000798,100696,Transport Campaign 0798,Transport,2026-07-04,2026-07-13,121172,135450
50000799,100757,Entertainment Campaign 0799,Entertainment,2026-07-05,2026-07-15,210500,173534
50000800,100493,Finance Campaign 0800,Finance,2026-07-06,2026-07-17,245679,114348
50000801,100616,Retail Campaign 0801,Retail,2026-07-07,2026-07-19,52781,72198
50000802,100781,Education Campaign 0802,Education,2026-07-08,2026-07-21,119475,65651
50000803,100810,Technology Campaign 0803,Technology,2026-07-09,2026-07-23,277097,88681
50000804,100323,Transport Campaign 0804,Transport,2026-07-10,2026-07-13,90687,109081
50000805,100461,Entertainment Campaign 0805,Entertainment,2026-07-11,2026-07-15,190360,84478
50000806,100789,Finance Campaign 0806,Finance,2026-07-12,2026-07-17,96376,25634
50000807,100794,Retail Campaign 0807,Retail,2026-07-13,2026-07-19,265956,88626
50000808,100547,Education Campaign 0808,Education,2026-07-14,2026-07-21,71526,25503
50000809,100473,Technology Campaign 0809,Technology,2026-07-15,2026-07-23,222590,55977
50000810,100017,Transport Campaign 0810,Transport,2026-06-01,2026-06-10,216670,49089
50000811,100988,Entertainment Campaign 0811,Entertainment,2026-06-02,2026-06-12,290396,75112
50000812,100961,Finance Campaign 0812,Finance,2026-06-03,2026-06-14,164591,82953
50000813,100028,Retail Campaign 0813,Retail,2026-06-04,2026-06-16,257202,117609
50000814,100333,Education Campaign 0814,Education,2026-06-05,2026-06-18,89920,158130
50000815,100664,Technology Campaign 0815,Technology,2026-06-06,2026-06-20,254459,133696
50000816,100570,Transport Campaign 0816,Transport,2026-06-07,2026-06-10,231369,37138
50000817,100805,Entertainment Campaign 0817,Entertainment,2026-06-08,2026-06-12,82862,54287
50000818,100498,Finance Campaign 0818,Finance,2026-06-09,2026-06-14,94713,70248
50000819,100237,Retail Campaign 0819,Retail,2026-06-10,2026-06-16,144141,118108
50000820,100024,Education Campaign 0820,Education,2026-06-11,2026-06-18,202168,132601
50000821,100706,Technology Campaign 0821,Technology,2026-06-12,2026-06-20,211761,84107
50000822,100656,Transport Campaign 0822,Transport,2026-06-13,2026-06-22,57109,173963
50000823,100919,Entertainment Campaign 0823,Entertainment,2026-06-14,2026-06-24,268985,160369
50000824,100028,Finance Campaign 0824,Finance,2026-06-15,2026-06-26,251985,58945
50000825,100069,Retail Campaign 0825,Retail,2026-06-16,2026-06-28,109794,33961
50000826,100385,Education Campaign 0826,Education,2026-06-17,2026-06-30,253564,93419
50000827,100641,Technology Campaign 0827,Technology,2026-06-18,2026-07-02,78150,153239
50000828,100746,Transport Campaign 0828,Transport,2026-06-19,2026-06-22,198113,148185
50000829,100982,Entertainment Campaign 0829,Entertainment,2026-06-20,2026-06-24,235656,41340
50000830,100572,Finance Campaign 0830,Finance,2026-06-21,2026-06-26,168382,37006
50000831,100953,Retail Campaign 0831,Retail,2026-06-22,2026-06-28,178330,121742
50000832,100552,Education Campaign 0832,Education,2026-06-23,2026-06-30,276321,153472
50000833,100173,Technology Campaign 0833,Technology,2026-06-24,2026-07-02,175701,156024
50000834,100272,Transport Campaign 0834,Transport,2026-06-25,2026-07-04,91923,104364
50000835,100533,Entertainment Campaign 0835,Entertainment,2026-06-26,2026-07-06,143010,157750
50000836,100522,Finance Campaign 0836,Finance,2026-06-27,2026-07-08,171693,149706
50000837,100303,Retail Campaign 0837,Retail,2026-06-28,2026-07-10,115342,172354
50000838,100235,Education Campaign 0838,Education,2026-06-29,2026-07-12,212275,173087
50000839,100497,Technology Campaign 0839,Technology,2026-06-30,2026-07-14,54595,74316
50000840,100063,Transport Campaign 0840,Transport,2026-07-01,2026-07-04,279588,73215
50000841,100308,Entertainment Campaign 0841,Entertainment,2026-07-02,2026-07-06,271274,81442
50000842,100258,Finance Campaign 0842,Finance,2026-07-03,2026-07-08,102303,100215
50000843,100295,Retail Campaign 0843,Retail,2026-07-04,2026-07-10,277969,118850
50000844,100452,Education Campaign 0844,Education,2026-07-05,2026-07-12,86211,118069
50000845,100134,Technology Campaign 0845,Technology,2026-07-06,2026-07-14,189323,42219
50000846,100018,Transport Campaign 0846,Transport,2026-07-07,2026-07-16,242033,42027
50000847,100190,Entertainment Campaign 0847,Entertainment,2026-07-08,2026-07-18,161524,156005
50000848,100255,Finance Campaign 0848,Finance,2026-07-09,2026-07-20,105339,173082
50000849,100950,Retail Campaign 0849,Retail,2026-07-10,2026-07-22,166963,154286
50000850,100545,Education Campaign 0850,Education,2026-07-11,2026-07-24,133178,131700
50000851,100377,Technology Campaign 0851,Technology,2026-07-12,2026-07-26,167565,133378
50000852,100341,Transport Campaign 0852,Transport,2026-07-13,2026-07-16,141341,150427
50000853,100254,Entertainment Campaign 0853,Entertainment,2026-07-14,2026-07-18,116570,120236
50000854,100968,Finance Campaign 0854,Finance,2026-07-15,2026-07-20,92072,135785
50000855,100183,Retail Campaign 0855,Retail,2026-06-01,2026-06-07,114631,39893
50000856,100318,Education Campaign 0856,Education,2026-06-02,2026-06-09,281316,41605
50000857,100259,Technology Campaign 0857,Technology,2026-06-03,2026-06-11,265883,151534
50000858,100490,Transport Campaign 0858,Transport,2026-06-04,2026-06-13,188301,40488
50000859,100776,Entertainment Campaign 0859,Entertainment,2026-06-05,2026-06-15,117463,79701
50000860,100079,Finance Campaign 0860,Finance,2026-06-06,2026-06-17,76087,38703
50000861,100354,Retail Campaign 0861,Retail,2026-06-07,2026-06-19,55035,163137
50000862,100198,Education Campaign 0862,Education,2026-06-08,2026-06-21,132492,71549
50000863,100691,Technology Campaign 0863,Technology,2026-06-09,2026-06-23,131308,85542
50000864,100316,Transport Campaign 0864,Transport,2026-06-10,2026-06-13,240352,91949
50000865,100209,Entertainment Campaign 0865,Entertainment,2026-06-11,2026-06-15,229979,178343
50000866,100162,Finance Campaign 0866,Finance,2026-06-12,2026-06-17,269132,162377
50000867,100962,Retail Campaign 0867,Retail,2026-06-13,2026-06-19,113455,22237
50000868,100823,Education Campaign 0868,Education,2026-06-14,2026-06-21,123505,93884
50000869,100884,Technology Campaign 0869,Technology,2026-06-15,2026-06-23,135867,125856
50000870,100011,Transport Campaign 0870,Transport,2026-06-16,2026-06-25,151367,172031
50000871,100831,Entertainment Campaign 0871,Entertainment,2026-06-17,2026-06-27,216785,23117
50000872,100546,Finance Campaign 0872,Finance,2026-06-18,2026-06-29,216466,154387
50000873,100849,Retail Campaign 0873,Retail,2026-06-19,2026-07-01,294427,59133
50000874,100963,Education Campaign 0874,Education,2026-06-20,2026-07-03,149203,79658
50000875,100316,Technology Campaign 0875,Technology,2026-06-21,2026-07-05,234618,75017
50000876,100576,Transport Campaign 0876,Transport,2026-06-22,2026-06-25,106269,155220
50000877,100699,Entertainment Campaign 0877,Entertainment,2026-06-23,2026-06-27,251038,164864
50000878,100880,Finance Campaign 0878,Finance,2026-06-24,2026-06-29,167876,140953
50000879,100460,Retail Campaign 0879,Retail,2026-06-25,2026-07-01,252595,42511
50000880,100439,Education Campaign 0880,Education,2026-06-26,2026-07-03,266721,69242
50000881,100565,Technology Campaign 0881,Technology,2026-06-27,2026-07-05,246885,129494
50000882,100347,Transport Campaign 0882,Transport,2026-06-28,2026-07-07,159997,137957
50000883,100007,Entertainment Campaign 0883,Entertainment,2026-06-29,2026-07-09,191393,27891
50000884,100530,Finance Campaign 0884,Finance,2026-06-30,2026-07-11,81424,171390
50000885,100042,Retail Campaign 0885,Retail,2026-07-01,2026-07-13,78645,100103
50000886,100120,Education Campaign 0886,Education,2026-07-02,2026-07-15,238411,22537
50000887,100679,Technology Campaign 0887,Technology,2026-07-03,2026-07-17,257441,112972
50000888,100522,Transport Campaign 0888,Transport,2026-07-04,2026-07-07,104111,129876
50000889,100617,Entertainment Campaign 0889,Entertainment,2026-07-05,2026-07-09,224768,125740
50000890,100970,Finance Campaign 0890,Finance,2026-07-06,2026-07-11,249116,160929
50000891,100502,Retail Campaign 0891,Retail,2026-07-07,2026-07-13,130479,173866
50000892,100226,Education Campaign 0892,Education,2026-07-08,2026-07-15,193787,28443
50000893,100148,Technology Campaign 0893,Technology,2026-07-09,2026-07-17,81473,60289
50000894,100211,Transport Campaign 0894,Transport,2026-07-10,2026-07-19,294728,106573
50000895,100805,Entertainment Campaign 0895,Entertainment,2026-07-11,2026-07-21,210108,178073
50000896,100160,Finance Campaign 0896,Finance,2026-07-12,2026-07-23,204340,170438
50000897,100119,Retail Campaign 0897,Retail,2026-07-13,2026-07-25,147468,119960
50000898,100454,Education Campaign 0898,Education,2026-07-14,2026-07-27,293694,122402
50000899,100317,Technology Campaign 0899,Technology,2026-07-15,2026-07-29,185113,121301
50000900,100451,Transport Campaign 0900,Transport,2026-06-01,2026-06-04,169460,48478
50000901,100602,Entertainment Campaign 0901,Entertainment,2026-06-02,2026-06-06,194294,138367
50000902,100927,Finance Campaign 0902,Finance,2026-06-03,2026-06-08,279551,99860
50000903,100375,Retail Campaign 0903,Retail,2026-06-04,2026-06-10,89937,47345
50000904,100978,Education Campaign 0904,Education,2026-06-05,2026-06-12,189941,66566
50000905,100326,Technology Campaign 0905,Technology,2026-06-06,2026-06-14,261655,178168
50000906,100801,Transport Campaign 0906,Transport,2026-06-07,2026-06-16,52035,68940
50000907,100511,Entertainment Campaign 0907,Entertainment,2026-06-08,2026-06-18,63216,121159
50000908,100605,Finance Campaign 0908,Finance,2026-06-09,2026-06-20,98973,81089
50000909,100620,Retail Campaign 0909,Retail,2026-06-10,2026-06-22,217902,157467
50000910,100400,Education Campaign 0910,Education,2026-06-11,2026-06-24,164187,35061
50000911,100713,Technology Campaign 0911,Technology,2026-06-12,2026-06-26,180929,22895
50000912,100518,Transport Campaign 0912,Transport,2026-06-13,2026-06-16,130661,127704
50000913,100750,Entertainment Campaign 0913,Entertainment,2026-06-14,2026-06-18,86165,49030
50000914,100489,Finance Campaign 0914,Finance,2026-06-15,2026-06-20,185627,129684
50000915,100853,Retail Campaign 0915,Retail,2026-06-16,2026-06-22,239810,38025
50000916,100769,Education Campaign 0916,Education,2026-06-17,2026-06-24,295372,74127
50000917,100511,Technology Campaign 0917,Technology,2026-06-18,2026-06-26,273183,73916
50000918,100702,Transport Campaign 0918,Transport,2026-06-19,2026-06-28,158298,144460
50000919,100554,Entertainment Campaign 0919,Entertainment,2026-06-20,2026-06-30,203258,170756
50000920,100354,Finance Campaign 0920,Finance,2026-06-21,2026-07-02,126346,174007
50000921,100613,Retail Campaign 0921,Retail,2026-06-22,2026-07-04,176720,140312
50000922,100695,Education Campaign 0922,Education,2026-06-23,2026-07-06,97875,21951
50000923,100566,Technology Campaign 0923,Technology,2026-06-24,2026-07-08,161845,36769
50000924,100265,Transport Campaign 0924,Transport,2026-06-25,2026-06-28,149657,178557
50000925,100254,Entertainment Campaign 0925,Entertainment,2026-06-26,2026-06-30,109707,157850
50000926,100777,Finance Campaign 0926,Finance,2026-06-27,2026-07-02,283630,169219
50000927,100342,Retail Campaign 0927,Retail,2026-06-28,2026-07-04,173701,140639
50000928,100928,Education Campaign 0928,Education,2026-06-29,2026-07-06,196029,30245
50000929,100210,Technology Campaign 0929,Technology,2026-06-30,2026-07-08,68882,95474
50000930,100124,Transport Campaign 0930,Transport,2026-07-01,2026-07-10,275947,139618
50000931,100831,Entertainment Campaign 0931,Entertainment,2026-07-02,2026-07-12,228583,97974
50000932,100883,Finance Campaign 0932,Finance,2026-07-03,2026-07-14,205701,65908
50000933,100915,Retail Campaign 0933,Retail,2026-07-04,2026-07-16,110309,67075
50000934,100412,Education Campaign 0934,Education,2026-07-05,2026-07-18,206935,133266
50000935,100972,Technology Campaign 0935,Technology,2026-07-06,2026-07-20,145837,68088
50000936,100220,Transport Campaign 0936,Transport,2026-07-07,2026-07-10,194059,45043
50000937,100920,Entertainment Campaign 0937,Entertainment,2026-07-08,2026-07-12,228145,31446
50000938,100770,Finance Campaign 0938,Finance,2026-07-09,2026-07-14,277139,61400
50000939,100812,Retail Campaign 0939,Retail,2026-07-10,2026-07-16,276356,160964
50000940,100837,Education Campaign 0940,Education,2026-07-11,2026-07-18,219760,37496
50000941,100254,Technology Campaign 0941,Technology,2026-07-12,2026-07-20,235457,76952
50000942,100477,Transport Campaign 0942,Transport,2026-07-13,2026-07-22,174364,127814
50000943,100334,Entertainment Campaign 0943,Entertainment,2026-07-14,2026-07-24,189919,51779
50000944,100944,Finance Campaign 0944,Finance,2026-07-15,2026-07-26,65062,47583
50000945,100084,Retail Campaign 0945,Retail,2026-06-01,2026-06-13,245943,105462
50000946,101000,Education Campaign 0946,Education,2026-06-02,2026-06-15,163210,63211
50000947,100846,Technology Campaign 0947,Technology,2026-06-03,2026-06-17,99361,152661
50000948,100640,Transport Campaign 0948,Transport,2026-06-04,2026-06-07,166154,27003
50000949,100676,Entertainment Campaign 0949,Entertainment,2026-06-05,2026-06-09,212475,141085
50000950,100999,Finance Campaign 0950,Finance,2026-06-06,2026-06-11,135087,124685
50000951,100486,Retail Campaign 0951,Retail,2026-06-07,2026-06-13,95961,123985
50000952,100661,Education Campaign 0952,Education,2026-06-08,2026-06-15,47814,85694
50000953,100747,Technology Campaign 0953,Technology,2026-06-09,2026-06-17,230886,55777
50000954,100971,Transport Campaign 0954,Transport,2026-06-10,2026-06-19,220713,141699
50000955,100134,Entertainment Campaign 0955,Entertainment,2026-06-11,2026-06-21,165941,37887
50000956,100735,Finance Campaign 0956,Finance,2026-06-12,2026-06-23,188767,83515
50000957,100382,Retail Campaign 0957,Retail,2026-06-13,2026-06-25,294041,134746
50000958,100808,Education Campaign 0958,Education,2026-06-14,2026-06-27,168414,93175
50000959,100527,Technology Campaign 0959,Technology,2026-06-15,2026-06-29,87301,64718
50000960,100531,Transport Campaign 0960,Transport,2026-06-16,2026-06-19,49735,179118
50000961,100788,Entertainment Campaign 0961,Entertainment,2026-06-17,2026-06-21,91461,97108
50000962,100820,Finance Campaign 0962,Finance,2026-06-18,2026-06-23,185156,122458
50000963,100872,Retail Campaign 0963,Retail,2026-06-19,2026-06-25,65338,22938
50000964,100394,Education Campaign 0964,Education,2026-06-20,2026-06-27,116631,60238
50000965,100159,Technology Campaign 0965,Technology,2026-06-21,2026-06-29,138870,66645
50000966,100942,Transport Campaign 0966,Transport,2026-06-22,2026-07-01,232278,29029
50000967,100636,Entertainment Campaign 0967,Entertainment,2026-06-23,2026-07-03,221958,159538
50000968,100956,Finance Campaign 0968,Finance,2026-06-24,2026-07-05,160882,32518
50000969,100592,Retail Campaign 0969,Retail,2026-06-25,2026-07-07,211406,157068
50000970,100399,Education Campaign 0970,Education,2026-06-26,2026-07-09,218680,46946
50000971,100149,Technology Campaign 0971,Technology,2026-06-27,2026-07-11,225970,100825
50000972,100211,Transport Campaign 0972,Transport,2026-06-28,2026-07-01,58740,176815
50000973,100774,Entertainment Campaign 0973,Entertainment,2026-06-29,2026-07-03,57757,118931
50000974,100556,Finance Campaign 0974,Finance,2026-06-30,2026-07-05,97884,85457
50000975,100161,Retail Campaign 0975,Retail,2026-07-01,2026-07-07,283225,82531
50000976,100995,Education Campaign 0976,Education,2026-07-02,2026-07-09,68956,24204
50000977,100223,Technology Campaign 0977,Technology,2026-07-03,2026-07-11,52325,23816
50000978,100144,Transport Campaign 0978,Transport,2026-07-04,2026-07-13,260096,70371
50000979,100502,Entertainment Campaign 0979,Entertainment,2026-07-05,2026-07-15,220361,36560
50000980,100038,Finance Campaign 0980,Finance,2026-07-06,2026-07-17,296329,45323
50000981,100636,Retail Campaign 0981,Retail,2026-07-07,2026-07-19,263991,64009
50000982,100568,Education Campaign 0982,Education,2026-07-08,2026-07-21,88790,31537
50000983,100259,Technology Campaign 0983,Technology,2026-07-09,2026-07-23,179348,48228
50000984,100676,Transport Campaign 0984,Transport,2026-07-10,2026-07-13,130758,104588
50000985,100423,Entertainment Campaign 0985,Entertainment,2026-07-11,2026-07-15,209308,69688
50000986,100494,Finance Campaign 0986,Finance,2026-07-12,2026-07-17,99295,162004
50000987,100266,Retail Campaign 0987,Retail,2026-07-13,2026-07-19,291133,132166
50000988,100998,Education Campaign 0988,Education,2026-07-14,2026-07-21,105924,76041
50000989,100990,Technology Campaign 0989,Technology,2026-07-15,2026-07-23,138474,104768
50000990,100060,Transport Campaign 0990,Transport,2026-06-01,2026-06-10,48930,125418
50000991,100559,Entertainment Campaign 0991,Entertainment,2026-06-02,2026-06-12,127900,23140
50000992,100295,Finance Campaign 0992,Finance,2026-06-03,2026-06-14,100775,140265
50000993,100129,Retail Campaign 0993,Retail,2026-06-04,2026-06-16,62305,92995
50000994,100576,Education Campaign 0994,Education,2026-06-05,2026-06-18,208554,116725
50000995,100968,Technology Campaign 0995,Technology,2026-06-06,2026-06-20,62650,77294
50000996,100345,Transport Campaign 0996,Transport,2026-06-07,2026-06-10,124045,176989
50000997,100443,Entertainment Campaign 0997,Entertainment,2026-06-08,2026-06-12,71689,160556
50000998,100749,Finance Campaign 0998,Finance,2026-06-09,2026-06-14,286755,169213
50000999,100121,Retail Campaign 0999,Retail,2026-06-10,2026-06-16,111044,44836
50001000,100567,Education Campaign 1000,Education,2026-06-11,2026-06-18,130027,121860
